userID,itemID,viewCount
1,1,83
1,2,86
1,3,77
1,4,15
1,5,93
1,6,35
1,7,86
1,8,92
1,9,49
1,10,21
1,11,62
1,12,27
1,13,90
1,14,59
1,15,63
1,16,26
1,17,40
1,18,26
1,19,72
1,20,36
1,21,11
1,22,68
1,23,67
1,24,29
1,25,82
1,26,30
1,27,62
1,28,23
1,29,67
1,30,35
1,31,29
1,32,2
1,33,22
1,34,58
1,35,69
1,36,67
1,37,93
1,38,56
1,39,11
1,40,42
1,41,29
1,42,73
1,43,21
1,44,19
1,45,84
1,46,37
1,47,98
1,48,24
1,49,15
1,50,70
1,51,13
1,52,26
1,53,91
1,54,80
1,55,56
1,56,73
1,57,62
1,58,70
1,59,96
1,60,81
1,61,5
1,62,25
1,63,84
1,64,27
1,65,36
1,66,5
1,67,46
1,68,29
1,69,13
1,70,57
1,71,24
1,72,95
1,73,82
1,74,45
1,75,14
1,76,67
1,77,34
1,78,64
1,79,43
1,80,50
1,81,87
1,82,8
1,83,76
1,84,78
1,85,88
1,86,84
1,87,3
1,88,51
1,89,54
1,90,99
1,91,32
1,92,60
1,93,76
1,94,68
1,95,39
1,96,12
1,97,26
1,98,86
1,99,94
1,100,39
2,1,95
2,2,70
2,3,34
2,4,78
2,5,67
2,6,1
2,7,97
2,8,2
2,9,17
2,10,92
2,11,52
2,12,56
2,13,1
2,14,80
2,15,86
2,16,41
2,17,65
2,18,89
2,19,44
2,20,19
2,21,40
2,22,29
2,23,31
2,24,17
2,25,97
2,26,71
2,27,81
2,28,75
2,29,9
2,30,27
2,31,67
2,32,56
2,33,97
2,34,53
2,35,86
2,36,65
2,37,6
2,38,83
2,39,19
2,40,24
2,41,28
2,42,71
2,43,32
2,44,29
2,45,3
2,46,19
2,47,70
2,48,68
2,49,8
2,50,15
2,51,40
2,52,49
2,53,96
2,54,23
2,55,18
2,56,45
2,57,46
2,58,51
2,59,21
2,60,55
2,61,79
2,62,88
2,63,64
2,64,28
2,65,41
2,66,50
2,67,93
2,68,0
2,69,34
2,70,64
2,71,24
2,72,14
2,73,87
2,74,56
2,75,43
2,76,91
2,77,27
2,78,65
2,79,59
2,80,36
2,81,32
2,82,51
2,83,37
2,84,28
2,85,75
2,86,7
2,87,74
2,88,21
2,89,58
2,90,95
2,91,29
2,92,37
2,93,35
2,94,93
2,95,18
2,96,28
2,97,43
2,98,11
2,99,28
2,100,29
3,1,76
3,2,4
3,3,43
3,4,63
3,5,13
3,6,38
3,7,6
3,8,40
3,9,4
3,10,18
3,11,28
3,12,88
3,13,69
3,14,17
3,15,17
3,16,96
3,17,24
3,18,43
3,19,70
3,20,83
3,21,90
3,22,99
3,23,72
3,24,25
3,25,44
3,26,90
3,27,5
3,28,39
3,29,54
3,30,86
3,31,69
3,32,82
3,33,42
3,34,64
3,35,97
3,36,7
3,37,55
3,38,4
3,39,48
3,40,11
3,41,22
3,42,28
3,43,99
3,44,43
3,45,46
3,46,68
3,47,40
3,48,22
3,49,11
3,50,10
3,51,5
3,52,1
3,53,61
3,54,30
3,55,78
3,56,5
3,57,20
3,58,36
3,59,44
3,60,26
3,61,22
3,62,65
3,63,8
3,64,16
3,65,82
3,66,58
3,67,24
3,68,37
3,69,62
3,70,24
3,71,0
3,72,36
3,73,52
3,74,99
3,75,79
3,76,50
3,77,68
3,78,71
3,79,73
3,80,31
3,81,81
3,82,30
3,83,33
3,84,94
3,85,60
3,86,63
3,87,99
3,88,81
3,89,99
3,90,96
3,91,59
3,92,73
3,93,13
3,94,68
3,95,90
3,96,95
3,97,26
3,98,66
3,99,84
3,100,40
4,1,90
4,2,84
4,3,76
4,4,42
4,5,36
4,6,7
4,7,45
4,8,56
4,9,79
4,10,18
4,11,87
4,12,12
4,13,48
4,14,72
4,15,59
4,16,9
4,17,36
4,18,10
4,19,42
4,20,87
4,21,6
4,22,1
4,23,13
4,24,72
4,25,21
4,26,55
4,27,19
4,28,99
4,29,21
4,30,4
4,31,39
4,32,11
4,33,40
4,34,67
4,35,5
4,36,28
4,37,27
4,38,50
4,39,84
4,40,58
4,41,20
4,42,24
4,43,22
4,44,69
4,45,96
4,46,81
4,47,30
4,48,84
4,49,92
4,50,72
4,51,72
4,52,50
4,53,25
4,54,85
4,55,22
4,56,99
4,57,40
4,58,42
4,59,98
4,60,13
4,61,98
4,62,90
4,63,24
4,64,90
4,65,9
4,66,81
4,67,19
4,68,36
4,69,32
4,70,55
4,71,94
4,72,4
4,73,79
4,74,69
4,75,73
4,76,76
4,77,50
4,78,55
4,79,60
4,80,42
4,81,79
4,82,84
4,83,93
4,84,5
4,85,21
4,86,67
4,87,4
4,88,13
4,89,61
4,90,54
4,91,26
4,92,59
4,93,44
4,94,2
4,95,2
4,96,6
4,97,84
4,98,21
4,99,42
4,100,68
5,1,28
5,2,89
5,3,72
5,4,8
5,5,58
5,6,98
5,7,36
5,8,8
5,9,53
5,10,48
5,11,3
5,12,33
5,13,33
5,14,48
5,15,90
5,16,54
5,17,67
5,18,46
5,19,68
5,20,29
5,21,0
5,22,46
5,23,88
5,24,97
5,25,49
5,26,90
5,27,3
5,28,33
5,29,63
5,30,97
5,31,53
5,32,92
5,33,86
5,34,25
5,35,52
5,36,96
5,37,75
5,38,88
5,39,57
5,40,29
5,41,36
5,42,60
5,43,14
5,44,21
5,45,60
5,46,4
5,47,28
5,48,27
5,49,50
5,50,48
5,51,56
5,52,2
5,53,94
5,54,97
5,55,99
5,56,43
5,57,39
5,58,2
5,59,28
5,60,3
5,61,0
5,62,81
5,63,47
5,64,38
5,65,59
5,66,51
5,67,35
5,68,34
5,69,39
5,70,92
5,71,15
5,72,27
5,73,4
5,74,29
5,75,49
5,76,64
5,77,85
5,78,29
5,79,43
5,80,35
5,81,77
5,82,0
5,83,38
5,84,71
5,85,49
5,86,89
5,87,67
5,88,88
5,89,92
5,90,95
5,91,43
5,92,44
5,93,29
5,94,90
5,95,82
5,96,40
5,97,41
5,98,69
5,99,26
5,100,32
6,1,61
6,2,42
6,3,60
6,4,17
6,5,23
6,6,61
6,7,81
6,8,9
6,9,90
6,10,25
6,11,96
6,12,67
6,13,77
6,14,34
6,15,90
6,16,26
6,17,24
6,18,57
6,19,14
6,20,68
6,21,5
6,22,58
6,23,12
6,24,86
6,25,0
6,26,46
6,27,26
6,28,94
6,29,16
6,30,52
6,31,78
6,32,29
6,33,46
6,34,90
6,35,47
6,36,70
6,37,51
6,38,80
6,39,31
6,40,93
6,41,57
6,42,27
6,43,12
6,44,86
6,45,14
6,46,55
6,47,12
6,48,90
6,49,12
6,50,79
6,51,10
6,52,69
6,53,89
6,54,74
6,55,55
6,56,41
6,57,20
6,58,33
6,59,87
6,60,88
6,61,38
6,62,66
6,63,70
6,64,84
6,65,56
6,66,17
6,67,6
6,68,60
6,69,49
6,70,37
6,71,5
6,72,59
6,73,17
6,74,18
6,75,45
6,76,83
6,77,73
6,78,58
6,79,73
6,80,37
6,81,89
6,82,83
6,83,7
6,84,78
6,85,57
6,86,14
6,87,71
6,88,29
6,89,0
6,90,59
6,91,18
6,92,38
6,93,25
6,94,88
6,95,74
6,96,33
6,97,57
6,98,81
6,99,93
6,100,58
7,1,70
7,2,99
7,3,17
7,4,39
7,5,69
7,6,63
7,7,22
7,8,94
7,9,73
7,10,47
7,11,31
7,12,62
7,13,82
7,14,90
7,15,92
7,16,91
7,17,57
7,18,15
7,19,21
7,20,57
7,21,74
7,22,91
7,23,47
7,24,51
7,25,31
7,26,21
7,27,37
7,28,40
7,29,54
7,30,30
7,31,98
7,32,25
7,33,81
7,34,16
7,35,16
7,36,2
7,37,31
7,38,39
7,39,96
7,40,4
7,41,38
7,42,80
7,43,18
7,44,21
7,45,70
7,46,62
7,47,12
7,48,79
7,49,77
7,50,85
7,51,36
7,52,4
7,53,76
7,54,83
7,55,7
7,56,59
7,57,57
7,58,44
7,59,99
7,60,11
7,61,27
7,62,50
7,63,36
7,64,60
7,65,18
7,66,5
7,67,63
7,68,49
7,69,44
7,70,11
7,71,5
7,72,34
7,73,91
7,74,75
7,75,55
7,76,14
7,77,89
7,78,68
7,79,93
7,80,18
7,81,5
7,82,82
7,83,22
7,84,82
7,85,17
7,86,30
7,87,93
7,88,74
7,89,26
7,90,93
7,91,86
7,92,53
7,93,43
7,94,74
7,95,14
7,96,13
7,97,79
7,98,77
7,99,62
7,100,75
8,1,88
8,2,19
8,3,10
8,4,32
8,5,94
8,6,17
8,7,46
8,8,35
8,9,37
8,10,91
8,11,53
8,12,43
8,13,73
8,14,28
8,15,25
8,16,91
8,17,10
8,18,18
8,19,17
8,20,36
8,21,63
8,22,55
8,23,90
8,24,58
8,25,30
8,26,4
8,27,71
8,28,61
8,29,33
8,30,85
8,31,89
8,32,73
8,33,4
8,34,51
8,35,5
8,36,50
8,37,68
8,38,3
8,39,85
8,40,6
8,41,95
8,42,39
8,43,49
8,44,20
8,45,67
8,46,26
8,47,63
8,48,77
8,49,96
8,50,81
8,51,65
8,52,60
8,53,36
8,54,55
8,55,70
8,56,18
8,57,11
8,58,42
8,59,32
8,60,96
8,61,79
8,62,21
8,63,70
8,64,84
8,65,72
8,66,27
8,67,34
8,68,40
8,69,83
8,70,72
8,71,98
8,72,30
8,73,63
8,74,47
8,75,50
8,76,30
8,77,73
8,78,14
8,79,59
8,80,22
8,81,47
8,82,24
8,83,82
8,84,35
8,85,32
8,86,4
8,87,54
8,88,43
8,89,98
8,90,86
8,91,40
8,92,78
8,93,59
8,94,62
8,95,62
8,96,83
8,97,41
8,98,48
8,99,23
8,100,24
9,1,72
9,2,22
9,3,54
9,4,35
9,5,21
9,6,57
9,7,65
9,8,47
9,9,71
9,10,76
9,11,69
9,12,18
9,13,1
9,14,3
9,15,53
9,16,33
9,17,7
9,18,59
9,19,28
9,20,6
9,21,97
9,22,20
9,23,84
9,24,8
9,25,34
9,26,98
9,27,91
9,28,76
9,29,98
9,30,15
9,31,52
9,32,71
9,33,89
9,34,59
9,35,6
9,36,10
9,37,16
9,38,24
9,39,9
9,40,39
9,41,0
9,42,78
9,43,9
9,44,53
9,45,81
9,46,14
9,47,38
9,48,89
9,49,26
9,50,67
9,51,47
9,52,23
9,53,87
9,54,31
9,55,32
9,56,22
9,57,81
9,58,75
9,59,50
9,60,79
9,61,90
9,62,54
9,63,50
9,64,31
9,65,13
9,66,57
9,67,94
9,68,81
9,69,81
9,70,3
9,71,20
9,72,33
9,73,82
9,74,81
9,75,87
9,76,15
9,77,96
9,78,25
9,79,4
9,80,22
9,81,92
9,82,51
9,83,97
9,84,32
9,85,34
9,86,81
9,87,6
9,88,15
9,89,57
9,90,8
9,91,95
9,92,99
9,93,62
9,94,97
9,95,83
9,96,76
9,97,54
9,98,77
9,99,9
9,100,87
10,1,32
10,2,82
10,3,21
10,4,66
10,5,63
10,6,60
10,7,82
10,8,11
10,9,85
10,10,86
10,11,85
10,12,30
10,13,90
10,14,83
10,15,14
10,16,76
10,17,16
10,18,20
10,19,92
10,20,25
10,21,28
10,22,39
10,23,25
10,24,90
10,25,36
10,26,60
10,27,18
10,28,43
10,29,37
10,30,28
10,31,82
10,32,21
10,33,10
10,34,55
10,35,88
10,36,25
10,37,15
10,38,70
10,39,37
10,40,53
10,41,8
10,42,22
10,43,83
10,44,50
10,45,57
10,46,97
10,47,27
10,48,26
10,49,69
10,50,71
10,51,51
10,52,49
10,53,10
10,54,28
10,55,39
10,56,98
10,57,88
10,58,10
10,59,93
10,60,77
10,61,90
10,62,76
10,63,99
10,64,52
10,65,31
10,66,87
10,67,77
10,68,99
10,69,57
10,70,66
10,71,52
10,72,17
10,73,41
10,74,35
10,75,68
10,76,98
10,77,84
10,78,95
10,79,76
10,80,5
10,81,66
10,82,28
10,83,54
10,84,28
10,85,8
10,86,93
10,87,78
10,88,97
10,89,55
10,90,72
10,91,74
10,92,45
10,93,0
10,94,25
10,95,97
10,96,83
10,97,12
10,98,27
10,99,82
10,100,21
11,1,93
11,2,34
11,3,39
11,4,34
11,5,21
11,6,59
11,7,85
11,8,57
11,9,54
11,10,61
11,11,62
11,12,72
11,13,41
11,14,16
11,15,52
11,16,50
11,17,62
11,18,82
11,19,99
11,20,17
11,21,54
11,22,73
11,23,15
11,24,6
11,25,51
11,26,64
11,27,90
11,28,63
11,29,91
11,30,72
11,31,37
11,32,37
11,33,59
11,34,28
11,35,71
11,36,80
11,37,87
11,38,56
11,39,90
11,40,41
11,41,70
11,42,52
11,43,65
11,44,11
11,45,69
11,46,17
11,47,61
11,48,83
11,49,51
11,50,12
11,51,0
11,52,6
11,53,38
11,54,67
11,55,64
11,56,89
11,57,32
11,58,54
11,59,4
11,60,75
11,61,79
11,62,41
11,63,12
11,64,38
11,65,69
11,66,36
11,67,70
11,68,56
11,69,44
11,70,60
11,71,49
11,72,14
11,73,65
11,74,14
11,75,26
11,76,86
11,77,83
11,78,39
11,79,69
11,80,35
11,81,52
11,82,21
11,83,93
11,84,90
11,85,89
11,86,9
11,87,31
11,88,73
11,89,64
11,90,35
11,91,48
11,92,95
11,93,77
11,94,13
11,95,33
11,96,98
11,97,49
11,98,55
11,99,55
11,100,93
12,1,68
12,2,56
12,3,60
12,4,33
12,5,23
12,6,86
12,7,71
12,8,58
12,9,77
12,10,40
12,11,45
12,12,81
12,13,61
12,14,90
12,15,23
12,16,50
12,17,0
12,18,54
12,19,75
12,20,64
12,21,42
12,22,24
12,23,59
12,24,19
12,25,89
12,26,44
12,27,69
12,28,38
12,29,51
12,30,76
12,31,83
12,32,19
12,33,33
12,34,43
12,35,4
12,36,56
12,37,81
12,38,75
12,39,66
12,40,11
12,41,67
12,42,12
12,43,92
12,44,29
12,45,2
12,46,68
12,47,31
12,48,2
12,49,74
12,50,7
12,51,18
12,52,16
12,53,83
12,54,77
12,55,87
12,56,72
12,57,73
12,58,57
12,59,62
12,60,25
12,61,33
12,62,97
12,63,96
12,64,18
12,65,41
12,66,53
12,67,26
12,68,74
12,69,80
12,70,93
12,71,85
12,72,48
12,73,5
12,74,30
12,75,29
12,76,59
12,77,98
12,78,60
12,79,62
12,80,24
12,81,19
12,82,80
12,83,41
12,84,2
12,85,10
12,86,80
12,87,26
12,88,83
12,89,89
12,90,40
12,91,8
12,92,23
12,93,38
12,94,57
12,95,93
12,96,31
12,97,10
12,98,20
12,99,5
12,100,90
13,1,13
13,2,91
13,3,38
13,4,70
13,5,21
13,6,67
13,7,29
13,8,71
13,9,80
13,10,43
13,11,95
13,12,99
13,13,24
13,14,88
13,15,54
13,16,86
13,17,69
13,18,32
13,19,69
13,20,10
13,21,73
13,22,30
13,23,33
13,24,63
13,25,87
13,26,79
13,27,94
13,28,49
13,29,99
13,30,51
13,31,39
13,32,64
13,33,42
13,34,30
13,35,86
13,36,15
13,37,49
13,38,15
13,39,86
13,40,81
13,41,11
13,42,34
13,43,33
13,44,87
13,45,22
13,46,87
13,47,73
13,48,43
13,49,19
13,50,42
13,51,54
13,52,44
13,53,24
13,54,39
13,55,59
13,56,63
13,57,18
13,58,53
13,59,12
13,60,69
13,61,5
13,62,4
13,63,33
13,64,99
13,65,34
13,66,19
13,67,15
13,68,35
13,69,87
13,70,53
13,71,69
13,72,50
13,73,87
13,74,2
13,75,37
13,76,62
13,77,89
13,78,10
13,79,5
13,80,60
13,81,4
13,82,11
13,83,57
13,84,29
13,85,3
13,86,16
13,87,92
13,88,21
13,89,22
13,90,5
13,91,43
13,92,79
13,93,61
13,94,28
13,95,78
13,96,47
13,97,0
13,98,45
13,99,82
13,100,87
14,1,99
14,2,51
14,3,89
14,4,86
14,5,53
14,6,26
14,7,48
14,8,94
14,9,36
14,10,6
14,11,7
14,12,92
14,13,17
14,14,64
14,15,21
14,16,20
14,17,80
14,18,66
14,19,94
14,20,54
14,21,23
14,22,37
14,23,33
14,24,84
14,25,17
14,26,12
14,27,31
14,28,17
14,29,9
14,30,65
14,31,56
14,32,8
14,33,69
14,34,45
14,35,95
14,36,22
14,37,71
14,38,95
14,39,69
14,40,59
14,41,1
14,42,76
14,43,52
14,44,71
14,45,40
14,46,25
14,47,43
14,48,72
14,49,91
14,50,89
14,51,27
14,52,66
14,53,78
14,54,12
14,55,50
14,56,96
14,57,24
14,58,33
14,59,13
14,60,86
14,61,99
14,62,70
14,63,94
14,64,68
14,65,15
14,66,41
14,67,42
14,68,39
14,69,37
14,70,63
14,71,98
14,72,90
14,73,39
14,74,2
14,75,13
14,76,31
14,77,28
14,78,57
14,79,4
14,80,71
14,81,46
14,82,83
14,83,38
14,84,25
14,85,95
14,86,40
14,87,21
14,88,72
14,89,26
14,90,34
14,91,58
14,92,25
14,93,56
14,94,52
14,95,45
14,96,72
14,97,46
14,98,39
14,99,11
14,100,83
15,1,3
15,2,61
15,3,25
15,4,42
15,5,16
15,6,39
15,7,74
15,8,44
15,9,96
15,10,30
15,11,67
15,12,94
15,13,13
15,14,57
15,15,19
15,16,60
15,17,50
15,18,92
15,19,32
15,20,76
15,21,79
15,22,90
15,23,53
15,24,35
15,25,95
15,26,98
15,27,7
15,28,41
15,29,37
15,30,70
15,31,76
15,32,40
15,33,84
15,34,1
15,35,83
15,36,0
15,37,92
15,38,9
15,39,96
15,40,40
15,41,39
15,42,63
15,43,35
15,44,4
15,45,73
15,46,6
15,47,64
15,48,23
15,49,51
15,50,49
15,51,51
15,52,30
15,53,39
15,54,4
15,55,65
15,56,86
15,57,2
15,58,25
15,59,79
15,60,91
15,61,47
15,62,7
15,63,84
15,64,31
15,65,61
15,66,19
15,67,31
15,68,53
15,69,28
15,70,27
15,71,94
15,72,19
15,73,43
15,74,81
15,75,23
15,76,68
15,77,87
15,78,39
15,79,43
15,80,38
15,81,88
15,82,94
15,83,20
15,84,80
15,85,98
15,86,86
15,87,18
15,88,52
15,89,63
15,90,98
15,91,95
15,92,10
15,93,5
15,94,79
15,95,42
15,96,66
15,97,98
15,98,25
15,99,72
15,100,78
16,1,53
16,2,66
16,3,97
16,4,48
16,5,47
16,6,72
16,7,16
16,8,86
16,9,12
16,10,59
16,11,77
16,12,0
16,13,53
16,14,97
16,15,32
16,16,3
16,17,35
16,18,51
16,19,7
16,20,98
16,21,49
16,22,54
16,23,61
16,24,6
16,25,34
16,26,3
16,27,25
16,28,84
16,29,28
16,30,97
16,31,63
16,32,33
16,33,15
16,34,60
16,35,81
16,36,14
16,37,85
16,38,97
16,39,0
16,40,97
16,41,8
16,42,29
16,43,49
16,44,13
16,45,79
16,46,34
16,47,16
16,48,14
16,49,85
16,50,75
16,51,65
16,52,86
16,53,30
16,54,26
16,55,92
16,56,16
16,57,29
16,58,69
16,59,52
16,60,9
16,61,66
16,62,15
16,63,95
16,64,33
16,65,28
16,66,76
16,67,47
16,68,13
16,69,26
16,70,0
16,71,62
16,72,86
16,73,29
16,74,63
16,75,0
16,76,8
16,77,97
16,78,16
16,79,75
16,80,82
16,81,44
16,82,40
16,83,20
16,84,26
16,85,18
16,86,65
16,87,94
16,88,99
16,89,34
16,90,46
16,91,8
16,92,53
16,93,62
16,94,3
16,95,86
16,96,42
16,97,32
16,98,34
16,99,7
16,100,10
17,1,34
17,2,69
17,3,96
17,4,15
17,5,84
17,6,96
17,7,24
17,8,82
17,9,65
17,10,51
17,11,16
17,12,61
17,13,43
17,14,37
17,15,87
17,16,61
17,17,2
17,18,81
17,19,60
17,20,88
17,21,79
17,22,20
17,23,41
17,24,93
17,25,24
17,26,28
17,27,35
17,28,8
17,29,62
17,30,42
17,31,70
17,32,96
17,33,63
17,34,66
17,35,11
17,36,0
17,37,15
17,38,87
17,39,34
17,40,32
17,41,90
17,42,50
17,43,93
17,44,33
17,45,39
17,46,80
17,47,94
17,48,93
17,49,13
17,50,54
17,51,82
17,52,44
17,53,75
17,54,23
17,55,38
17,56,51
17,57,51
17,58,73
17,59,11
17,60,65
17,61,68
17,62,81
17,63,13
17,64,83
17,65,99
17,66,77
17,67,35
17,68,14
17,69,64
17,70,69
17,71,46
17,72,7
17,73,72
17,74,91
17,75,40
17,76,11
17,77,23
17,78,87
17,79,57
17,80,36
17,81,93
17,82,39
17,83,81
17,84,20
17,85,14
17,86,71
17,87,71
17,88,18
17,89,96
17,90,34
17,91,83
17,92,64
17,93,67
17,94,97
17,95,0
17,96,67
17,97,74
17,98,35
17,99,33
17,100,90
18,1,57
18,2,32
18,3,49
18,4,29
18,5,23
18,6,90
18,7,92
18,8,47
18,9,29
18,10,49
18,11,35
18,12,22
18,13,40
18,14,68
18,15,43
18,16,55
18,17,39
18,18,66
18,19,25
18,20,36
18,21,53
18,22,60
18,23,52
18,24,20
18,25,57
18,26,4
18,27,87
18,28,83
18,29,40
18,30,21
18,31,26
18,32,97
18,33,5
18,34,27
18,35,78
18,36,28
18,37,69
18,38,70
18,39,27
18,40,98
18,41,20
18,42,63
18,43,21
18,44,60
18,45,83
18,46,16
18,47,67
18,48,23
18,49,82
18,50,92
18,51,11
18,52,35
18,53,53
18,54,63
18,55,8
18,56,62
18,57,68
18,58,95
18,59,98
18,60,60
18,61,68
18,62,76
18,63,9
18,64,73
18,65,3
18,66,87
18,67,54
18,68,73
18,69,57
18,70,81
18,71,23
18,72,29
18,73,96
18,74,44
18,75,42
18,76,80
18,77,12
18,78,9
18,79,55
18,80,47
18,81,54
18,82,66
18,83,34
18,84,59
18,85,81
18,86,42
18,87,73
18,88,1
18,89,38
18,90,71
18,91,13
18,92,58
18,93,99
18,94,22
18,95,84
18,96,55
18,97,61
18,98,90
18,99,80
18,100,71
19,1,23
19,2,3
19,3,0
19,4,20
19,5,0
19,6,42
19,7,52
19,8,12
19,9,4
19,10,7
19,11,59
19,12,58
19,13,25
19,14,94
19,15,17
19,16,58
19,17,36
19,18,90
19,19,60
19,20,26
19,21,14
19,22,73
19,23,37
19,24,65
19,25,48
19,26,21
19,27,20
19,28,9
19,29,63
19,30,0
19,31,32
19,32,86
19,33,4
19,34,33
19,35,58
19,36,56
19,37,27
19,38,10
19,39,68
19,40,31
19,41,69
19,42,28
19,43,41
19,44,46
19,45,74
19,46,58
19,47,5
19,48,10
19,49,1
19,50,65
19,51,89
19,52,67
19,53,90
19,54,26
19,55,32
19,56,38
19,57,99
19,58,5
19,59,0
19,60,62
19,61,57
19,62,32
19,63,48
19,64,61
19,65,17
19,66,7
19,67,69
19,68,97
19,69,69
19,70,38
19,71,28
19,72,39
19,73,18
19,74,70
19,75,85
19,76,92
19,77,80
19,78,42
19,79,54
19,80,33
19,81,7
19,82,43
19,83,0
19,84,50
19,85,21
19,86,85
19,87,88
19,88,20
19,89,90
19,90,40
19,91,34
19,92,47
19,93,25
19,94,83
19,95,61
19,96,94
19,97,42
19,98,30
19,99,91
19,100,63
20,1,20
20,2,20
20,3,54
20,4,38
20,5,42
20,6,92
20,7,30
20,8,22
20,9,34
20,10,85
20,11,8
20,12,94
20,13,80
20,14,8
20,15,44
20,16,2
20,17,45
20,18,84
20,19,22
20,20,87
20,21,25
20,22,57
20,23,35
20,24,2
20,25,92
20,26,48
20,27,96
20,28,86
20,29,30
20,30,40
20,31,49
20,32,51
20,33,12
20,34,56
20,35,89
20,36,54
20,37,48
20,38,72
20,39,28
20,40,82
20,41,57
20,42,88
20,43,76
20,44,37
20,45,97
20,46,20
20,47,39
20,48,94
20,49,5
20,50,14
20,51,82
20,52,82
20,53,23
20,54,69
20,55,36
20,56,15
20,57,17
20,58,84
20,59,53
20,60,99
20,61,24
20,62,54
20,63,50
20,64,36
20,65,10
20,66,92
20,67,42
20,68,58
20,69,64
20,70,23
20,71,41
20,72,21
20,73,11
20,74,69
20,75,10
20,76,60
20,77,90
20,78,2
20,79,55
20,80,47
20,81,16
20,82,89
20,83,81
20,84,39
20,85,58
20,86,17
20,87,6
20,88,75
20,89,1
20,90,11
20,91,74
20,92,78
20,93,65
20,94,77
20,95,66
20,96,76
20,97,69
20,98,61
20,99,34
20,100,33
21,1,36
21,2,27
21,3,6
21,4,99
21,5,97
21,6,16
21,7,60
21,8,39
21,9,70
21,10,67
21,11,86
21,12,86
21,13,8
21,14,67
21,15,77
21,16,66
21,17,36
21,18,35
21,19,93
21,20,37
21,21,46
21,22,19
21,23,67
21,24,12
21,25,96
21,26,34
21,27,40
21,28,17
21,29,95
21,30,74
21,31,50
21,32,31
21,33,2
21,34,8
21,35,30
21,36,51
21,37,25
21,38,42
21,39,90
21,40,47
21,41,61
21,42,76
21,43,34
21,44,69
21,45,95
21,46,63
21,47,35
21,48,31
21,49,51
21,50,80
21,51,20
21,52,97
21,53,0
21,54,88
21,55,61
21,56,96
21,57,74
21,58,1
21,59,14
21,60,69
21,61,28
21,62,16
21,63,52
21,64,82
21,65,25
21,66,82
21,67,33
21,68,2
21,69,77
21,70,23
21,71,49
21,72,90
21,73,51
21,74,35
21,75,60
21,76,46
21,77,99
21,78,47
21,79,29
21,80,2
21,81,28
21,82,49
21,83,99
21,84,28
21,85,89
21,86,13
21,87,76
21,88,63
21,89,66
21,90,90
21,91,84
21,92,94
21,93,59
21,94,36
21,95,76
21,96,84
21,97,71
21,98,9
21,99,38
21,100,0
22,1,84
22,2,39
22,3,90
22,4,35
22,5,75
22,6,50
22,7,81
22,8,26
22,9,50
22,10,62
22,11,28
22,12,78
22,13,64
22,14,79
22,15,58
22,16,53
22,17,44
22,18,34
22,19,69
22,20,11
22,21,77
22,22,5
22,23,57
22,24,36
22,25,42
22,26,34
22,27,72
22,28,65
22,29,95
22,30,10
22,31,65
22,32,32
22,33,49
22,34,7
22,35,67
22,36,76
22,37,58
22,38,1
22,39,2
22,40,60
22,41,63
22,42,82
22,43,38
22,44,27
22,45,14
22,46,96
22,47,33
22,48,58
22,49,30
22,50,54
22,51,69
22,52,7
22,53,59
22,54,27
22,55,95
22,56,1
22,57,13
22,58,67
22,59,18
22,60,60
22,61,29
22,62,35
22,63,92
22,64,31
22,65,43
22,66,12
22,67,7
22,68,53
22,69,13
22,70,62
22,71,13
22,72,28
22,73,96
22,74,51
22,75,56
22,76,10
22,77,99
22,78,41
22,79,69
22,80,81
22,81,95
22,82,90
22,83,89
22,84,54
22,85,69
22,86,36
22,87,8
22,88,82
22,89,4
22,90,26
22,91,95
22,92,33
22,93,14
22,94,87
22,95,64
22,96,57
22,97,51
22,98,24
22,99,10
22,100,64
23,1,38
23,2,23
23,3,93
23,4,34
23,5,26
23,6,1
23,7,45
23,8,25
23,9,94
23,10,66
23,11,6
23,12,89
23,13,56
23,14,47
23,15,95
23,16,26
23,17,84
23,18,3
23,19,60
23,20,40
23,21,82
23,22,55
23,23,73
23,24,48
23,25,95
23,26,90
23,27,5
23,28,46
23,29,66
23,30,67
23,31,63
23,32,4
23,33,90
23,34,8
23,35,90
23,36,68
23,37,61
23,38,35
23,39,93
23,40,55
23,41,1
23,42,51
23,43,44
23,44,10
23,45,51
23,46,91
23,47,88
23,48,35
23,49,47
23,50,48
23,51,75
23,52,81
23,53,56
23,54,0
23,55,29
23,56,51
23,57,42
23,58,34
23,59,49
23,60,60
23,61,1
23,62,64
23,63,64
23,64,43
23,65,72
23,66,55
23,67,11
23,68,33
23,69,42
23,70,56
23,71,40
23,72,96
23,73,59
23,74,36
23,75,58
23,76,10
23,77,28
23,78,46
23,79,97
23,80,75
23,81,94
23,82,24
23,83,56
23,84,50
23,85,25
23,86,85
23,87,53
23,88,19
23,89,71
23,90,55
23,91,80
23,92,24
23,93,19
23,94,96
23,95,67
23,96,44
23,97,3
23,98,30
23,99,29
23,100,46
24,1,86
24,2,70
24,3,94
24,4,45
24,5,58
24,6,52
24,7,8
24,8,86
24,9,98
24,10,5
24,11,13
24,12,44
24,13,30
24,14,21
24,15,47
24,16,7
24,17,58
24,18,0
24,19,78
24,20,29
24,21,7
24,22,58
24,23,53
24,24,79
24,25,7
24,26,72
24,27,75
24,28,10
24,29,2
24,30,4
24,31,8
24,32,40
24,33,26
24,34,2
24,35,86
24,36,85
24,37,6
24,38,46
24,39,23
24,40,4
24,41,51
24,42,37
24,43,1
24,44,33
24,45,10
24,46,48
24,47,92
24,48,69
24,49,0
24,50,71
24,51,50
24,52,8
24,53,81
24,54,56
24,55,87
24,56,88
24,57,28
24,58,62
24,59,51
24,60,83
24,61,18
24,62,59
24,63,23
24,64,45
24,65,14
24,66,61
24,67,82
24,68,72
24,69,7
24,70,57
24,71,29
24,72,11
24,73,94
24,74,30
24,75,44
24,76,57
24,77,78
24,78,37
24,79,26
24,80,78
24,81,60
24,82,28
24,83,86
24,84,41
24,85,84
24,86,25
24,87,82
24,88,65
24,89,39
24,90,33
24,91,48
24,92,58
24,93,44
24,94,23
24,95,55
24,96,10
24,97,85
24,98,89
24,99,83
24,100,44
25,1,46
25,2,12
25,3,55
25,4,93
25,5,42
25,6,0
25,7,50
25,8,20
25,9,89
25,10,28
25,11,50
25,12,49
25,13,56
25,14,37
25,15,42
25,16,41
25,17,14
25,18,24
25,19,58
25,20,54
25,21,9
25,22,58
25,23,64
25,24,54
25,25,81
25,26,19
25,27,16
25,28,18
25,29,60
25,30,99
25,31,63
25,32,6
25,33,63
25,34,18
25,35,99
25,36,5
25,37,70
25,38,1
25,39,77
25,40,11
25,41,29
25,42,28
25,43,12
25,44,86
25,45,17
25,46,55
25,47,79
25,48,83
25,49,79
25,50,89
25,51,37
25,52,89
25,53,47
25,54,53
25,55,95
25,56,80
25,57,24
25,58,11
25,59,99
25,60,84
25,61,11
25,62,14
25,63,43
25,64,26
25,65,84
25,66,42
25,67,32
25,68,7
25,69,96
25,70,61
25,71,18
25,72,25
25,73,41
25,74,31
25,75,63
25,76,10
25,77,86
25,78,94
25,79,94
25,80,17
25,81,35
25,82,83
25,83,58
25,84,82
25,85,37
25,86,53
25,87,15
25,88,13
25,89,17
25,90,14
25,91,98
25,92,80
25,93,80
25,94,41
25,95,6
25,96,64
25,97,35
25,98,38
25,99,23
25,100,31
26,1,52
26,2,42
26,3,9
26,4,45
26,5,25
26,6,24
26,7,56
26,8,63
26,9,71
26,10,2
26,11,80
26,12,6
26,13,85
26,14,91
26,15,89
26,16,74
26,17,44
26,18,56
26,19,88
26,20,61
26,21,70
26,22,38
26,23,41
26,24,2
26,25,79
26,26,48
26,27,18
26,28,66
26,29,38
26,30,42
26,31,50
26,32,42
26,33,84
26,34,59
26,35,88
26,36,61
26,37,35
26,38,96
26,39,24
26,40,6
26,41,98
26,42,56
26,43,13
26,44,35
26,45,47
26,46,54
26,47,62
26,48,44
26,49,10
26,50,2
26,51,57
26,52,32
26,53,40
26,54,51
26,55,86
26,56,71
26,57,99
26,58,4
26,59,89
26,60,89
26,61,46
26,62,39
26,63,84
26,64,82
26,65,50
26,66,72
26,67,43
26,68,86
26,69,68
26,70,19
26,71,92
26,72,18
26,73,76
26,74,57
26,75,53
26,76,75
26,77,63
26,78,15
26,79,19
26,80,25
26,81,69
26,82,77
26,83,9
26,84,9
26,85,80
26,86,95
26,87,32
26,88,31
26,89,0
26,90,22
26,91,20
26,92,46
26,93,13
26,94,56
26,95,29
26,96,64
26,97,28
26,98,24
26,99,50
26,100,48
27,1,44
27,2,94
27,3,18
27,4,72
27,5,4
27,6,72
27,7,47
27,8,67
27,9,39
27,10,19
27,11,93
27,12,9
27,13,48
27,14,54
27,15,70
27,16,28
27,17,50
27,18,55
27,19,59
27,20,50
27,21,29
27,22,31
27,23,48
27,24,42
27,25,88
27,26,77
27,27,6
27,28,68
27,29,54
27,30,8
27,31,69
27,32,98
27,33,3
27,34,87
27,35,70
27,36,7
27,37,11
27,38,69
27,39,26
27,40,3
27,41,40
27,42,71
27,43,64
27,44,88
27,45,26
27,46,86
27,47,16
27,48,76
27,49,41
27,50,27
27,51,78
27,52,22
27,53,59
27,54,26
27,55,65
27,56,99
27,57,4
27,58,23
27,59,67
27,60,58
27,61,32
27,62,88
27,63,8
27,64,87
27,65,76
27,66,30
27,67,94
27,68,39
27,69,51
27,70,72
27,71,42
27,72,92
27,73,44
27,74,6
27,75,80
27,76,22
27,77,93
27,78,49
27,79,98
27,80,86
27,81,28
27,82,76
27,83,9
27,84,87
27,85,2
27,86,26
27,87,38
27,88,58
27,89,49
27,90,58
27,91,68
27,92,81
27,93,46
27,94,28
27,95,20
27,96,74
27,97,58
27,98,14
27,99,14
27,100,62
28,1,39
28,2,56
28,3,54
28,4,35
28,5,15
28,6,34
28,7,57
28,8,60
28,9,35
28,10,7
28,11,46
28,12,64
28,13,83
28,14,55
28,15,3
28,16,37
28,17,33
28,18,42
28,19,48
28,20,83
28,21,0
28,22,68
28,23,16
28,24,46
28,25,49
28,26,37
28,27,21
28,28,59
28,29,3
28,30,87
28,31,21
28,32,42
28,33,43
28,34,75
28,35,77
28,36,10
28,37,62
28,38,86
28,39,70
28,40,97
28,41,93
28,42,17
28,43,61
28,44,28
28,45,24
28,46,17
28,47,66
28,48,58
28,49,59
28,50,66
28,51,93
28,52,59
28,53,86
28,54,9
28,55,57
28,56,35
28,57,46
28,58,30
28,59,95
28,60,2
28,61,17
28,62,16
28,63,96
28,64,13
28,65,92
28,66,74
28,67,23
28,68,6
28,69,60
28,70,94
28,71,3
28,72,6
28,73,63
28,74,17
28,75,34
28,76,39
28,77,34
28,78,52
28,79,49
28,80,93
28,81,18
28,82,42
28,83,4
28,84,5
28,85,4
28,86,13
28,87,92
28,88,2
28,89,44
28,90,87
28,91,4
28,92,61
28,93,56
28,94,1
28,95,26
28,96,48
28,97,27
28,98,50
28,99,54
28,100,39
29,1,96
29,2,9
29,3,45
29,4,11
29,5,26
29,6,80
29,7,2
29,8,12
29,9,32
29,10,52
29,11,57
29,12,3
29,13,46
29,14,61
29,15,60
29,16,50
29,17,27
29,18,52
29,19,53
29,20,71
29,21,40
29,22,57
29,23,84
29,24,48
29,25,10
29,26,11
29,27,48
29,28,37
29,29,13
29,30,54
29,31,77
29,32,61
29,33,63
29,34,74
29,35,24
29,36,42
29,37,54
29,38,26
29,39,54
29,40,39
29,41,78
29,42,64
29,43,42
29,44,25
29,45,77
29,46,2
29,47,27
29,48,4
29,49,54
29,50,80
29,51,75
29,52,46
29,53,90
29,54,60
29,55,94
29,56,0
29,57,23
29,58,42
29,59,90
29,60,88
29,61,96
29,62,19
29,63,49
29,64,12
29,65,93
29,66,25
29,67,54
29,68,48
29,69,51
29,70,60
29,71,87
29,72,82
29,73,24
29,74,29
29,75,59
29,76,2
29,77,83
29,78,86
29,79,6
29,80,37
29,81,67
29,82,34
29,83,36
29,84,9
29,85,46
29,86,30
29,87,9
29,88,69
29,89,25
29,90,51
29,91,57
29,92,73
29,93,70
29,94,58
29,95,85
29,96,64
29,97,83
29,98,39
29,99,64
29,100,86
30,1,52
30,2,3
30,3,68
30,4,76
30,5,32
30,6,27
30,7,30
30,8,67
30,9,66
30,10,37
30,11,4
30,12,33
30,13,71
30,14,92
30,15,94
30,16,17
30,17,75
30,18,55
30,19,38
30,20,0
30,21,7
30,22,47
30,23,73
30,24,77
30,25,57
30,26,59
30,27,93
30,28,92
30,29,50
30,30,57
30,31,78
30,32,2
30,33,60
30,34,47
30,35,31
30,36,44
30,37,26
30,38,61
30,39,11
30,40,92
30,41,98
30,42,68
30,43,77
30,44,21
30,45,60
30,46,71
30,47,90
30,48,87
30,49,79
30,50,80
30,51,87
30,52,86
30,53,79
30,54,13
30,55,63
30,56,36
30,57,24
30,58,9
30,59,28
30,60,74
30,61,66
30,62,59
30,63,29
30,64,27
30,65,58
30,66,60
30,67,71
30,68,84
30,69,73
30,70,35
30,71,29
30,72,24
30,73,3
30,74,58
30,75,45
30,76,15
30,77,82
30,78,88
30,79,3
30,80,61
30,81,68
30,82,42
30,83,47
30,84,0
30,85,55
30,86,62
30,87,36
30,88,31
30,89,71
30,90,17
30,91,58
30,92,38
30,93,76
30,94,87
30,95,17
30,96,34
30,97,99
30,98,40
30,99,70
30,100,72
31,1,27
31,2,51
31,3,96
31,4,82
31,5,10
31,6,94
31,7,98
31,8,92
31,9,82
31,10,53
31,11,53
31,12,2
31,13,47
31,14,52
31,15,54
31,16,55
31,17,14
31,18,91
31,19,86
31,20,38
31,21,60
31,22,44
31,23,28
31,24,88
31,25,83
31,26,45
31,27,22
31,28,34
31,29,37
31,30,44
31,31,7
31,32,65
31,33,96
31,34,55
31,35,47
31,36,6
31,37,49
31,38,97
31,39,50
31,40,83
31,41,2
31,42,3
31,43,38
31,44,50
31,45,55
31,46,92
31,47,5
31,48,21
31,49,35
31,50,91
31,51,11
31,52,95
31,53,88
31,54,39
31,55,83
31,56,23
31,57,36
31,58,57
31,59,58
31,60,26
31,61,2
31,62,65
31,63,91
31,64,50
31,65,20
31,66,90
31,67,8
31,68,22
31,69,88
31,70,58
31,71,57
31,72,90
31,73,61
31,74,95
31,75,40
31,76,68
31,77,40
31,78,97
31,79,41
31,80,75
31,81,41
31,82,53
31,83,23
31,84,29
31,85,44
31,86,58
31,87,52
31,88,33
31,89,16
31,90,10
31,91,59
31,92,70
31,93,27
31,94,50
31,95,72
31,96,0
31,97,40
31,98,80
31,99,74
31,100,80
32,1,38
32,2,31
32,3,71
32,4,99
32,5,79
32,6,63
32,7,19
32,8,19
32,9,61
32,10,12
32,11,46
32,12,54
32,13,17
32,14,69
32,15,83
32,16,62
32,17,28
32,18,87
32,19,95
32,20,96
32,21,50
32,22,54
32,23,66
32,24,29
32,25,56
32,26,38
32,27,29
32,28,96
32,29,18
32,30,55
32,31,29
32,32,8
32,33,87
32,34,0
32,35,7
32,36,18
32,37,15
32,38,78
32,39,37
32,40,28
32,41,90
32,42,35
32,43,82
32,44,8
32,45,5
32,46,17
32,47,22
32,48,85
32,49,57
32,50,69
32,51,81
32,52,7
32,53,23
32,54,99
32,55,36
32,56,79
32,57,89
32,58,18
32,59,27
32,60,7
32,61,73
32,62,56
32,63,15
32,64,12
32,65,8
32,66,74
32,67,30
32,68,76
32,69,4
32,70,19
32,71,56
32,72,46
32,73,55
32,74,39
32,75,6
32,76,12
32,77,8
32,78,28
32,79,97
32,80,65
32,81,97
32,82,30
32,83,72
32,84,72
32,85,29
32,86,61
32,87,3
32,88,18
32,89,31
32,90,83
32,91,77
32,92,56
32,93,91
32,94,44
32,95,69
32,96,52
32,97,70
32,98,51
32,99,28
32,100,26
33,1,23
33,2,84
33,3,72
33,4,30
33,5,75
33,6,79
33,7,94
33,8,84
33,9,59
33,10,91
33,11,49
33,12,9
33,13,73
33,14,74
33,15,81
33,16,2
33,17,35
33,18,37
33,19,72
33,20,66
33,21,20
33,22,1
33,23,74
33,24,11
33,25,45
33,26,43
33,27,15
33,28,67
33,29,47
33,30,43
33,31,93
33,32,22
33,33,80
33,34,17
33,35,4
33,36,7
33,37,96
33,38,98
33,39,91
33,40,8
33,41,89
33,42,93
33,43,17
33,44,62
33,45,67
33,46,50
33,47,16
33,48,54
33,49,87
33,50,40
33,51,72
33,52,59
33,53,41
33,54,46
33,55,23
33,56,38
33,57,42
33,58,38
33,59,5
33,60,89
33,61,82
33,62,50
33,63,63
33,64,14
33,65,67
33,66,67
33,67,21
33,68,16
33,69,65
33,70,65
33,71,24
33,72,6
33,73,58
33,74,41
33,75,20
33,76,25
33,77,91
33,78,88
33,79,79
33,80,31
33,81,28
33,82,51
33,83,90
33,84,69
33,85,97
33,86,13
33,87,59
33,88,91
33,89,52
33,90,16
33,91,32
33,92,86
33,93,66
33,94,95
33,95,0
33,96,85
33,97,14
33,98,73
33,99,1
33,100,79
34,1,38
34,2,77
34,3,37
34,4,96
34,5,18
34,6,57
34,7,73
34,8,62
34,9,45
34,10,4
34,11,93
34,12,25
34,13,7
34,14,35
34,15,46
34,16,5
34,17,49
34,18,5
34,19,48
34,20,53
34,21,73
34,22,81
34,23,39
34,24,39
34,25,76
34,26,91
34,27,77
34,28,91
34,29,64
34,30,30
34,31,22
34,32,55
34,33,8
34,34,60
34,35,51
34,36,26
34,37,69
34,38,77
34,39,40
34,40,15
34,41,81
34,42,33
34,43,92
34,44,89
34,45,69
34,46,39
34,47,46
34,48,70
34,49,96
34,50,94
34,51,23
34,52,70
34,53,75
34,54,14
34,55,61
34,56,4
34,57,5
34,58,38
34,59,95
34,60,21
34,61,69
34,62,69
34,63,76
34,64,77
34,65,29
34,66,80
34,67,55
34,68,99
34,69,57
34,70,96
34,71,66
34,72,38
34,73,81
34,74,58
34,75,79
34,76,2
34,77,49
34,78,25
34,79,24
34,80,46
34,81,72
34,82,47
34,83,16
34,84,47
34,85,61
34,86,77
34,87,51
34,88,18
34,89,16
34,90,98
34,91,40
34,92,37
34,93,68
34,94,16
34,95,66
34,96,49
34,97,96
34,98,21
34,99,48
34,100,5
35,1,69
35,2,66
35,3,96
35,4,51
35,5,77
35,6,75
35,7,5
35,8,26
35,9,53
35,10,30
35,11,72
35,12,25
35,13,29
35,14,88
35,15,72
35,16,43
35,17,18
35,18,76
35,19,61
35,20,86
35,21,26
35,22,1
35,23,23
35,24,94
35,25,70
35,26,89
35,27,96
35,28,18
35,29,62
35,30,96
35,31,24
35,32,32
35,33,63
35,34,20
35,35,35
35,36,40
35,37,47
35,38,92
35,39,18
35,40,0
35,41,22
35,42,43
35,43,25
35,44,4
35,45,83
35,46,50
35,47,47
35,48,1
35,49,78
35,50,8
35,51,87
35,52,4
35,53,62
35,54,62
35,55,51
35,56,32
35,57,51
35,58,47
35,59,2
35,60,66
35,61,43
35,62,26
35,63,50
35,64,58
35,65,98
35,66,37
35,67,50
35,68,98
35,69,29
35,70,69
35,71,98
35,72,4
35,73,12
35,74,76
35,75,8
35,76,47
35,77,78
35,78,55
35,79,49
35,80,8
35,81,63
35,82,36
35,83,64
35,84,77
35,85,51
35,86,15
35,87,9
35,88,54
35,89,14
35,90,12
35,91,20
35,92,10
35,93,90
35,94,70
35,95,68
35,96,41
35,97,7
35,98,71
35,99,39
35,100,89
36,1,40
36,2,89
36,3,93
36,4,4
36,5,17
36,6,53
36,7,51
36,8,47
36,9,8
36,10,52
36,11,55
36,12,23
36,13,41
36,14,72
36,15,1
36,16,92
36,17,39
36,18,62
36,19,46
36,20,54
36,21,26
36,22,19
36,23,16
36,24,69
36,25,89
36,26,84
36,27,10
36,28,49
36,29,55
36,30,1
36,31,90
36,32,47
36,33,42
36,34,83
36,35,3
36,36,12
36,37,88
36,38,7
36,39,11
36,40,96
36,41,11
36,42,19
36,43,71
36,44,52
36,45,91
36,46,24
36,47,96
36,48,30
36,49,87
36,50,43
36,51,36
36,52,65
36,53,62
36,54,52
36,55,34
36,56,3
36,57,89
36,58,96
36,59,4
36,60,96
36,61,97
36,62,94
36,63,96
36,64,92
36,65,29
36,66,99
36,67,56
36,68,17
36,69,58
36,70,67
36,71,65
36,72,22
36,73,86
36,74,37
36,75,74
36,76,77
36,77,61
36,78,71
36,79,8
36,80,0
36,81,66
36,82,96
36,83,66
36,84,80
36,85,49
36,86,0
36,87,35
36,88,38
36,89,97
36,90,40
36,91,34
36,92,46
36,93,86
36,94,30
36,95,90
36,96,16
36,97,82
36,98,46
36,99,85
36,100,92
37,1,14
37,2,51
37,3,14
37,4,52
37,5,40
37,6,41
37,7,30
37,8,53
37,9,64
37,10,90
37,11,54
37,12,30
37,13,86
37,14,72
37,15,62
37,16,87
37,17,72
37,18,97
37,19,25
37,20,21
37,21,89
37,22,60
37,23,20
37,24,76
37,25,42
37,26,10
37,27,92
37,28,24
37,29,9
37,30,29
37,31,69
37,32,75
37,33,80
37,34,83
37,35,27
37,36,20
37,37,24
37,38,9
37,39,74
37,40,88
37,41,99
37,42,80
37,43,70
37,44,38
37,45,52
37,46,32
37,47,25
37,48,76
37,49,82
37,50,51
37,51,98
37,52,71
37,53,63
37,54,70
37,55,47
37,56,57
37,57,32
37,58,91
37,59,34
37,60,41
37,61,21
37,62,3
37,63,16
37,64,53
37,65,38
37,66,96
37,67,26
37,68,63
37,69,5
37,70,52
37,71,3
37,72,57
37,73,32
37,74,26
37,75,95
37,76,36
37,77,58
37,78,20
37,79,12
37,80,92
37,81,23
37,82,62
37,83,64
37,84,38
37,85,32
37,86,63
37,87,48
37,88,65
37,89,7
37,90,82
37,91,58
37,92,28
37,93,37
37,94,27
37,95,33
37,96,75
37,97,23
37,98,59
37,99,90
37,100,28
38,1,11
38,2,46
38,3,85
38,4,95
38,5,72
38,6,32
38,7,31
38,8,82
38,9,5
38,10,96
38,11,75
38,12,28
38,13,58
38,14,39
38,15,19
38,16,43
38,17,54
38,18,67
38,19,60
38,20,61
38,21,1
38,22,70
38,23,41
38,24,38
38,25,97
38,26,75
38,27,13
38,28,20
38,29,86
38,30,56
38,31,1
38,32,98
38,33,2
38,34,38
38,35,45
38,36,74
38,37,23
38,38,29
38,39,56
38,40,28
38,41,25
38,42,31
38,43,8
38,44,35
38,45,22
38,46,79
38,47,30
38,48,77
38,49,46
38,50,90
38,51,90
38,52,47
38,53,13
38,54,32
38,55,37
38,56,10
38,57,7
38,58,51
38,59,83
38,60,93
38,61,7
38,62,36
38,63,43
38,64,9
38,65,26
38,66,89
38,67,35
38,68,49
38,69,18
38,70,91
38,71,77
38,72,95
38,73,23
38,74,38
38,75,30
38,76,97
38,77,17
38,78,13
38,79,74
38,80,16
38,81,55
38,82,65
38,83,15
38,84,68
38,85,49
38,86,53
38,87,79
38,88,56
38,89,56
38,90,14
38,91,1
38,92,15
38,93,50
38,94,97
38,95,76
38,96,76
38,97,38
38,98,11
38,99,26
38,100,8
39,1,2
39,2,55
39,3,3
39,4,77
39,5,93
39,6,85
39,7,75
39,8,11
39,9,98
39,10,1
39,11,27
39,12,6
39,13,18
39,14,42
39,15,74
39,16,67
39,17,47
39,18,53
39,19,23
39,20,3
39,21,67
39,22,77
39,23,18
39,24,69
39,25,26
39,26,94
39,27,46
39,28,64
39,29,5
39,30,24
39,31,72
39,32,60
39,33,79
39,34,27
39,35,37
39,36,25
39,37,64
39,38,64
39,39,36
39,40,15
39,41,66
39,42,15
39,43,21
39,44,84
39,45,9
39,46,95
39,47,52
39,48,57
39,49,1
39,50,27
39,51,60
39,52,20
39,53,56
39,54,31
39,55,90
39,56,82
39,57,25
39,58,88
39,59,46
39,60,83
39,61,12
39,62,70
39,63,43
39,64,91
39,65,49
39,66,32
39,67,16
39,68,66
39,69,97
39,70,4
39,71,81
39,72,63
39,73,71
39,74,54
39,75,99
39,76,81
39,77,1
39,78,51
39,79,90
39,80,2
39,81,31
39,82,2
39,83,75
39,84,87
39,85,33
39,86,65
39,87,70
39,88,11
39,89,5
39,90,68
39,91,46
39,92,17
39,93,91
39,94,89
39,95,60
39,96,92
39,97,73
39,98,29
39,99,58
39,100,70
40,1,33
40,2,91
40,3,85
40,4,57
40,5,97
40,6,37
40,7,90
40,8,99
40,9,88
40,10,80
40,11,53
40,12,71
40,13,34
40,14,28
40,15,59
40,16,20
40,17,45
40,18,81
40,19,83
40,20,50
40,21,1
40,22,29
40,23,19
40,24,92
40,25,70
40,26,80
40,27,37
40,28,43
40,29,9
40,30,47
40,31,66
40,32,94
40,33,39
40,34,3
40,35,3
40,36,88
40,37,40
40,38,93
40,39,87
40,40,81
40,41,25
40,42,41
40,43,52
40,44,12
40,45,21
40,46,63
40,47,32
40,48,67
40,49,44
40,50,15
40,51,69
40,52,46
40,53,44
40,54,89
40,55,90
40,56,14
40,57,21
40,58,27
40,59,9
40,60,30
40,61,75
40,62,75
40,63,76
40,64,66
40,65,31
40,66,80
40,67,54
40,68,71
40,69,25
40,70,42
40,71,4
40,72,3
40,73,35
40,74,57
40,75,15
40,76,56
40,77,72
40,78,47
40,79,75
40,80,17
40,81,14
40,82,45
40,83,63
40,84,58
40,85,86
40,86,53
40,87,24
40,88,7
40,89,81
40,90,33
40,91,89
40,92,8
40,93,61
40,94,17
40,95,74
40,96,92
40,97,49
40,98,28
40,99,15
40,100,75
41,1,22
41,2,72
41,3,30
41,4,57
41,5,81
41,6,45
41,7,66
41,8,53
41,9,92
41,10,41
41,11,70
41,12,58
41,13,38
41,14,85
41,15,16
41,16,24
41,17,39
41,18,92
41,19,83
41,20,72
41,21,77
41,22,72
41,23,32
41,24,38
41,25,42
41,26,6
41,27,82
41,28,91
41,29,86
41,30,50
41,31,18
41,32,9
41,33,22
41,34,48
41,35,18
41,36,55
41,37,45
41,38,84
41,39,8
41,40,89
41,41,78
41,42,79
41,43,47
41,44,16
41,45,64
41,46,15
41,47,93
41,48,55
41,49,7
41,50,76
41,51,79
41,52,85
41,53,1
41,54,11
41,55,75
41,56,95
41,57,69
41,58,10
41,59,86
41,60,56
41,61,12
41,62,57
41,63,17
41,64,86
41,65,57
41,66,35
41,67,41
41,68,3
41,69,72
41,70,49
41,71,92
41,72,50
41,73,80
41,74,40
41,75,18
41,76,97
41,77,55
41,78,11
41,79,4
41,80,15
41,81,40
41,82,84
41,83,0
41,84,93
41,85,47
41,86,27
41,87,88
41,88,17
41,89,37
41,90,74
41,91,73
41,92,1
41,93,83
41,94,90
41,95,87
41,96,41
41,97,77
41,98,28
41,99,96
41,100,1
42,1,30
42,2,88
42,3,3
42,4,10
42,5,80
42,6,22
42,7,59
42,8,36
42,9,85
42,10,64
42,11,3
42,12,77
42,13,0
42,14,55
42,15,70
42,16,47
42,17,82
42,18,58
42,19,64
42,20,72
42,21,85
42,22,37
42,23,73
42,24,68
42,25,79
42,26,61
42,27,61
42,28,9
42,29,89
42,30,57
42,31,10
42,32,19
42,33,46
42,34,66
42,35,82
42,36,78
42,37,88
42,38,41
42,39,66
42,40,25
42,41,57
42,42,69
42,43,3
42,44,57
42,45,24
42,46,25
42,47,5
42,48,7
42,49,84
42,50,69
42,51,31
42,52,69
42,53,59
42,54,4
42,55,89
42,56,90
42,57,65
42,58,51
42,59,51
42,60,7
42,61,8
42,62,62
42,63,78
42,64,6
42,65,28
42,66,60
42,67,85
42,68,68
42,69,54
42,70,51
42,71,45
42,72,11
42,73,21
42,74,0
42,75,69
42,76,45
42,77,26
42,78,26
42,79,4
42,80,62
42,81,95
42,82,35
42,83,31
42,84,6
42,85,40
42,86,20
42,87,49
42,88,57
42,89,23
42,90,0
42,91,16
42,92,32
42,93,14
42,94,95
42,95,90
42,96,42
42,97,7
42,98,75
42,99,62
42,100,13
43,1,79
43,2,60
43,3,77
43,4,0
43,5,60
43,6,46
43,7,97
43,8,38
43,9,24
43,10,54
43,11,0
43,12,71
43,13,89
43,14,31
43,15,78
43,16,81
43,17,4
43,18,79
43,19,91
43,20,27
43,21,79
43,22,7
43,23,11
43,24,94
43,25,54
43,26,2
43,27,88
43,28,14
43,29,29
43,30,3
43,31,79
43,32,8
43,33,63
43,34,56
43,35,60
43,36,75
43,37,54
43,38,10
43,39,14
43,40,78
43,41,64
43,42,14
43,43,50
43,44,53
43,45,98
43,46,80
43,47,87
43,48,54
43,49,59
43,50,78
43,51,33
43,52,38
43,53,37
43,54,45
43,55,84
43,56,44
43,57,99
43,58,73
43,59,58
43,60,28
43,61,28
43,62,37
43,63,89
43,64,91
43,65,46
43,66,49
43,67,18
43,68,0
43,69,59
43,70,32
43,71,79
43,72,23
43,73,99
43,74,29
43,75,29
43,76,97
43,77,9
43,78,16
43,79,3
43,80,20
43,81,46
43,82,36
43,83,58
43,84,83
43,85,33
43,86,95
43,87,27
43,88,32
43,89,20
43,90,37
43,91,13
43,92,48
43,93,27
43,94,2
43,95,91
43,96,73
43,97,3
43,98,9
43,99,25
43,100,63
44,1,42
44,2,4
44,3,38
44,4,93
44,5,85
44,6,19
44,7,42
44,8,46
44,9,87
44,10,45
44,11,66
44,12,33
44,13,81
44,14,77
44,15,69
44,16,15
44,17,72
44,18,48
44,19,99
44,20,92
44,21,38
44,22,12
44,23,40
44,24,65
44,25,14
44,26,31
44,27,90
44,28,70
44,29,92
44,30,15
44,31,33
44,32,86
44,33,72
44,34,23
44,35,79
44,36,57
44,37,95
44,38,21
44,39,4
44,40,82
44,41,18
44,42,22
44,43,68
44,44,52
44,45,99
44,46,89
44,47,19
44,48,71
44,49,89
44,50,18
44,51,15
44,52,27
44,53,83
44,54,55
44,55,44
44,56,49
44,57,38
44,58,34
44,59,19
44,60,83
44,61,2
44,62,4
44,63,69
44,64,74
44,65,28
44,66,49
44,67,83
44,68,23
44,69,22
44,70,39
44,71,57
44,72,93
44,73,62
44,74,25
44,75,45
44,76,13
44,77,66
44,78,64
44,79,37
44,80,56
44,81,34
44,82,52
44,83,83
44,84,17
44,85,60
44,86,80
44,87,67
44,88,50
44,89,66
44,90,86
44,91,33
44,92,68
44,93,91
44,94,3
44,95,94
44,96,71
44,97,4
44,98,78
44,99,46
44,100,78
45,1,17
45,2,55
45,3,71
45,4,79
45,5,33
45,6,68
45,7,93
45,8,99
45,9,84
45,10,82
45,11,55
45,12,19
45,13,34
45,14,91
45,15,88
45,16,94
45,17,71
45,18,7
45,19,97
45,20,89
45,21,94
45,22,30
45,23,58
45,24,37
45,25,85
45,26,4
45,27,60
45,28,89
45,29,82
45,30,58
45,31,20
45,32,0
45,33,13
45,34,91
45,35,31
45,36,46
45,37,12
45,38,76
45,39,46
45,40,96
45,41,58
45,42,53
45,43,67
45,44,45
45,45,44
45,46,56
45,47,91
45,48,67
45,49,63
45,50,88
45,51,9
45,52,9
45,53,19
45,54,19
45,55,98
45,56,56
45,57,23
45,58,58
45,59,98
45,60,6
45,61,16
45,62,18
45,63,58
45,64,82
45,65,61
45,66,41
45,67,28
45,68,73
45,69,18
45,70,26
45,71,70
45,72,28
45,73,80
45,74,37
45,75,73
45,76,76
45,77,45
45,78,65
45,79,96
45,80,9
45,81,53
45,82,5
45,83,70
45,84,24
45,85,24
45,86,69
45,87,33
45,88,47
45,89,27
45,90,31
45,91,5
45,92,96
45,93,49
45,94,63
45,95,78
45,96,10
45,97,57
45,98,58
45,99,36
45,100,75
46,1,85
46,2,58
46,3,3
46,4,65
46,5,47
46,6,29
46,7,41
46,8,93
46,9,94
46,10,37
46,11,54
46,12,99
46,13,94
46,14,24
46,15,76
46,16,18
46,17,45
46,18,9
46,19,18
46,20,25
46,21,92
46,22,23
46,23,21
46,24,41
46,25,39
46,26,51
46,27,3
46,28,96
46,29,9
46,30,91
46,31,23
46,32,94
46,33,49
46,34,78
46,35,11
46,36,97
46,37,59
46,38,53
46,39,90
46,40,53
46,41,42
46,42,96
46,43,5
46,44,89
46,45,72
46,46,33
46,47,7
46,48,18
46,49,94
46,50,77
46,51,43
46,52,86
46,53,53
46,54,16
46,55,79
46,56,92
46,57,67
46,58,82
46,59,40
46,60,28
46,61,74
46,62,15
46,63,23
46,64,75
46,65,45
46,66,34
46,67,72
46,68,5
46,69,39
46,70,14
46,71,10
46,72,34
46,73,10
46,74,15
46,75,23
46,76,35
46,77,0
46,78,82
46,79,53
46,80,94
46,81,60
46,82,96
46,83,32
46,84,13
46,85,12
46,86,11
46,87,57
46,88,31
46,89,94
46,90,49
46,91,59
46,92,20
46,93,16
46,94,34
46,95,95
46,96,61
46,97,21
46,98,20
46,99,66
46,100,12
47,1,86
47,2,77
47,3,46
47,4,49
47,5,44
47,6,21
47,7,84
47,8,45
47,9,56
47,10,37
47,11,91
47,12,16
47,13,85
47,14,24
47,15,81
47,16,49
47,17,87
47,18,90
47,19,80
47,20,81
47,21,91
47,22,91
47,23,53
47,24,7
47,25,26
47,26,1
47,27,68
47,28,47
47,29,73
47,30,87
47,31,11
47,32,59
47,33,64
47,34,10
47,35,8
47,36,60
47,37,31
47,38,44
47,39,57
47,40,87
47,41,33
47,42,49
47,43,55
47,44,18
47,45,25
47,46,88
47,47,67
47,48,12
47,49,78
47,50,99
47,51,46
47,52,69
47,53,91
47,54,51
47,55,28
47,56,69
47,57,4
47,58,97
47,59,68
47,60,77
47,61,84
47,62,79
47,63,89
47,64,0
47,65,89
47,66,49
47,67,60
47,68,73
47,69,94
47,70,18
47,71,12
47,72,27
47,73,19
47,74,20
47,75,46
47,76,96
47,77,8
47,78,65
47,79,60
47,80,39
47,81,17
47,82,6
47,83,60
47,84,8
47,85,10
47,86,89
47,87,29
47,88,14
47,89,38
47,90,97
47,91,92
47,92,74
47,93,28
47,94,81
47,95,74
47,96,18
47,97,30
47,98,86
47,99,43
47,100,76
48,1,56
48,2,55
48,3,4
48,4,27
48,5,27
48,6,2
48,7,75
48,8,36
48,9,19
48,10,36
48,11,27
48,12,36
48,13,94
48,14,87
48,15,44
48,16,4
48,17,76
48,18,73
48,19,19
48,20,66
48,21,22
48,22,63
48,23,40
48,24,51
48,25,96
48,26,66
48,27,21
48,28,78
48,29,5
48,30,64
48,31,55
48,32,61
48,33,71
48,34,11
48,35,41
48,36,99
48,37,13
48,38,16
48,39,87
48,40,32
48,41,4
48,42,14
48,43,21
48,44,99
48,45,1
48,46,65
48,47,55
48,48,30
48,49,91
48,50,26
48,51,96
48,52,65
48,53,89
48,54,37
48,55,16
48,56,37
48,57,3
48,58,89
48,59,16
48,60,8
48,61,5
48,62,23
48,63,22
48,64,77
48,65,86
48,66,15
48,67,28
48,68,51
48,69,83
48,70,15
48,71,83
48,72,88
48,73,29
48,74,56
48,75,39
48,76,82
48,77,22
48,78,94
48,79,12
48,80,65
48,81,21
48,82,9
48,83,82
48,84,62
48,85,46
48,86,51
48,87,0
48,88,1
48,89,40
48,90,68
48,91,62
48,92,46
48,93,43
48,94,36
48,95,75
48,96,29
48,97,3
48,98,3
48,99,80
48,100,86
49,1,18
49,2,15
49,3,26
49,4,99
49,5,72
49,6,65
49,7,81
49,8,46
49,9,60
49,10,94
49,11,63
49,12,81
49,13,55
49,14,45
49,15,43
49,16,53
49,17,96
49,18,95
49,19,54
49,20,89
49,21,63
49,22,68
49,23,35
49,24,58
49,25,56
49,26,10
49,27,87
49,28,59
49,29,65
49,30,67
49,31,46
49,32,83
49,33,83
49,34,72
49,35,34
49,36,7
49,37,38
49,38,15
49,39,53
49,40,50
49,41,9
49,42,16
49,43,83
49,44,64
49,45,61
49,46,78
49,47,69
49,48,10
49,49,74
49,50,24
49,51,99
49,52,89
49,53,44
49,54,34
49,55,48
49,56,1
49,57,96
49,58,35
49,59,60
49,60,61
49,61,55
49,62,58
49,63,96
49,64,90
49,65,31
49,66,30
49,67,97
49,68,21
49,69,97
49,70,50
49,71,23
49,72,59
49,73,18
49,74,6
49,75,75
49,76,31
49,77,84
49,78,45
49,79,41
49,80,10
49,81,69
49,82,40
49,83,0
49,84,65
49,85,26
49,86,0
49,87,66
49,88,74
49,89,35
49,90,27
49,91,87
49,92,42
49,93,37
49,94,83
49,95,32
49,96,68
49,97,65
49,98,29
49,99,41
49,100,63
50,1,31
50,2,64
50,3,22
50,4,49
50,5,70
50,6,49
50,7,81
50,8,7
50,9,94
50,10,22
50,11,17
50,12,15
50,13,15
50,14,17
50,15,81
50,16,93
50,17,17
50,18,47
50,19,68
50,20,5
50,21,26
50,22,55
50,23,47
50,24,64
50,25,91
50,26,32
50,27,84
50,28,56
50,29,61
50,30,78
50,31,71
50,32,45
50,33,42
50,34,45
50,35,94
50,36,65
50,37,95
50,38,27
50,39,72
50,40,89
50,41,2
50,42,89
50,43,5
50,44,17
50,45,59
50,46,86
50,47,10
50,48,28
50,49,85
50,50,30
50,51,85
50,52,64
50,53,86
50,54,85
50,55,80
50,56,77
50,57,17
50,58,64
50,59,85
50,60,30
50,61,42
50,62,9
50,63,75
50,64,37
50,65,54
50,66,22
50,67,2
50,68,1
50,69,49
50,70,26
50,71,91
50,72,51
50,73,67
50,74,48
50,75,20
50,76,26
50,77,86
50,78,83
50,79,7
50,80,71
50,81,13
50,82,92
50,83,87
50,84,51
50,85,29
50,86,67
50,87,80
50,88,46
50,89,32
50,90,66
50,91,77
50,92,26
50,93,27
50,94,4
50,95,63
50,96,81
50,97,26
50,98,17
50,99,35
50,100,28
51,1,43
51,2,78
51,3,31
51,4,11
51,5,26
51,6,4
51,7,89
51,8,12
51,9,87
51,10,96
51,11,35
51,12,52
51,13,41
51,14,75
51,15,4
51,16,70
51,17,42
51,18,84
51,19,17
51,20,74
51,21,2
51,22,46
51,23,53
51,24,29
51,25,50
51,26,16
51,27,63
51,28,29
51,29,86
51,30,98
51,31,57
51,32,29
51,33,76
51,34,88
51,35,40
51,36,54
51,37,92
51,38,30
51,39,18
51,40,31
51,41,78
51,42,5
51,43,84
51,44,19
51,45,80
51,46,40
51,47,42
51,48,23
51,49,76
51,50,59
51,51,49
51,52,31
51,53,57
51,54,2
51,55,60
51,56,59
51,57,71
51,58,75
51,59,88
51,60,57
51,61,73
51,62,45
51,63,38
51,64,1
51,65,86
51,66,31
51,67,55
51,68,30
51,69,13
51,70,73
51,71,62
51,72,91
51,73,79
51,74,98
51,75,63
51,76,59
51,77,90
51,78,5
51,79,82
51,80,66
51,81,16
51,82,84
51,83,97
51,84,73
51,85,86
51,86,10
51,87,84
51,88,9
51,89,85
51,90,73
51,91,18
51,92,11
51,93,70
51,94,57
51,95,12
51,96,8
51,97,88
51,98,68
51,99,39
51,100,1
52,1,93
52,2,53
52,3,44
52,4,24
52,5,51
52,6,59
52,7,84
52,8,93
52,9,64
52,10,18
52,11,59
52,12,32
52,13,2
52,14,9
52,15,57
52,16,41
52,17,19
52,18,42
52,19,2
52,20,56
52,21,15
52,22,21
52,23,67
52,24,37
52,25,30
52,26,32
52,27,46
52,28,18
52,29,52
52,30,85
52,31,71
52,32,45
52,33,90
52,34,67
52,35,70
52,36,41
52,37,27
52,38,6
52,39,86
52,40,43
52,41,76
52,42,45
52,43,76
52,44,79
52,45,6
52,46,85
52,47,72
52,48,77
52,49,27
52,50,74
52,51,86
52,52,94
52,53,47
52,54,53
52,55,32
52,56,77
52,57,37
52,58,30
52,59,47
52,60,89
52,61,15
52,62,70
52,63,87
52,64,5
52,65,38
52,66,9
52,67,98
52,68,17
52,69,15
52,70,84
52,71,12
52,72,91
52,73,81
52,74,40
52,75,22
52,76,40
52,77,26
52,78,46
52,79,17
52,80,5
52,81,21
52,82,55
52,83,0
52,84,68
52,85,9
52,86,84
52,87,98
52,88,98
52,89,14
52,90,45
52,91,88
52,92,81
52,93,16
52,94,27
52,95,38
52,96,6
52,97,36
52,98,88
52,99,75
52,100,3
53,1,24
53,2,87
53,3,46
53,4,57
53,5,28
53,6,69
53,7,97
53,8,54
53,9,67
53,10,67
53,11,11
53,12,88
53,13,22
53,14,11
53,15,9
53,16,83
53,17,47
53,18,7
53,19,82
53,20,13
53,21,4
53,22,22
53,23,94
53,24,20
53,25,1
53,26,84
53,27,78
53,28,37
53,29,72
53,30,53
53,31,92
53,32,96
53,33,41
53,34,38
53,35,54
53,36,21
53,37,59
53,38,51
53,39,27
53,40,27
53,41,70
53,42,38
53,43,67
53,44,93
53,45,2
53,46,28
53,47,28
53,48,49
53,49,35
53,50,10
53,51,15
53,52,92
53,53,84
53,54,9
53,55,64
53,56,85
53,57,46
53,58,43
53,59,74
53,60,18
53,61,48
53,62,66
53,63,15
53,64,41
53,65,57
53,66,21
53,67,62
53,68,68
53,69,24
53,70,41
53,71,95
53,72,95
53,73,80
53,74,15
53,75,40
53,76,82
53,77,43
53,78,68
53,79,83
53,80,31
53,81,31
53,82,98
53,83,23
53,84,67
53,85,60
53,86,39
53,87,53
53,88,6
53,89,82
53,90,27
53,91,24
53,92,31
53,93,46
53,94,91
53,95,24
53,96,3
53,97,64
53,98,87
53,99,23
53,100,89
54,1,28
54,2,71
54,3,36
54,4,60
54,5,86
54,6,76
54,7,42
54,8,81
54,9,96
54,10,78
54,11,64
54,12,79
54,13,76
54,14,39
54,15,47
54,16,36
54,17,79
54,18,52
54,19,94
54,20,61
54,21,31
54,22,19
54,23,44
54,24,77
54,25,62
54,26,69
54,27,32
54,28,27
54,29,8
54,30,56
54,31,68
54,32,88
54,33,27
54,34,4
54,35,49
54,36,65
54,37,32
54,38,43
54,39,46
54,40,80
54,41,73
54,42,11
54,43,60
54,44,50
54,45,50
54,46,59
54,47,38
54,48,29
54,49,11
54,50,33
54,51,43
54,52,94
54,53,4
54,54,39
54,55,24
54,56,18
54,57,60
54,58,56
54,59,97
54,60,68
54,61,64
54,62,65
54,63,9
54,64,43
54,65,69
54,66,58
54,67,60
54,68,1
54,69,53
54,70,59
54,71,34
54,72,27
54,73,22
54,74,46
54,75,29
54,76,24
54,77,5
54,78,19
54,79,54
54,80,68
54,81,4
54,82,49
54,83,62
54,84,60
54,85,40
54,86,86
54,87,79
54,88,1
54,89,95
54,90,76
54,91,69
54,92,11
54,93,42
54,94,30
54,95,7
54,96,63
54,97,40
54,98,67
54,99,17
54,100,94
55,1,78
55,2,51
55,3,73
55,4,0
55,5,97
55,6,2
55,7,25
55,8,2
55,9,73
55,10,31
55,11,22
55,12,78
55,13,80
55,14,36
55,15,38
55,16,20
55,17,23
55,18,17
55,19,21
55,20,70
55,21,46
55,22,43
55,23,33
55,24,40
55,25,25
55,26,40
55,27,3
55,28,66
55,29,60
55,30,20
55,31,12
55,32,38
55,33,23
55,34,85
55,35,39
55,36,20
55,37,39
55,38,16
55,39,74
55,40,12
55,41,47
55,42,96
55,43,90
55,44,27
55,45,85
55,46,81
55,47,99
55,48,60
55,49,50
55,50,73
55,51,30
55,52,96
55,53,68
55,54,15
55,55,36
55,56,93
55,57,56
55,58,92
55,59,11
55,60,68
55,61,64
55,62,23
55,63,58
55,64,88
55,65,8
55,66,49
55,67,8
55,68,99
55,69,65
55,70,35
55,71,64
55,72,12
55,73,83
55,74,54
55,75,91
55,76,68
55,77,87
55,78,43
55,79,28
55,80,38
55,81,16
55,82,10
55,83,34
55,84,36
55,85,26
55,86,23
55,87,81
55,88,34
55,89,15
55,90,93
55,91,2
55,92,79
55,93,16
55,94,60
55,95,67
55,96,77
55,97,62
55,98,28
55,99,76
55,100,27
56,1,63
56,2,40
56,3,40
56,4,98
56,5,47
56,6,31
56,7,67
56,8,34
56,9,74
56,10,95
56,11,24
56,12,42
56,13,58
56,14,59
56,15,30
56,16,84
56,17,34
56,18,12
56,19,18
56,20,49
56,21,57
56,22,72
56,23,80
56,24,73
56,25,84
56,26,0
56,27,2
56,28,46
56,29,80
56,30,31
56,31,74
56,32,95
56,33,23
56,34,66
56,35,93
56,36,22
56,37,97
56,38,60
56,39,57
56,40,24
56,41,8
56,42,81
56,43,18
56,44,66
56,45,92
56,46,49
56,47,2
56,48,26
56,49,13
56,50,72
56,51,27
56,52,70
56,53,44
56,54,60
56,55,95
56,56,28
56,57,60
56,58,50
56,59,27
56,60,40
56,61,81
56,62,53
56,63,87
56,64,4
56,65,19
56,66,80
56,67,27
56,68,68
56,69,93
56,70,36
56,71,44
56,72,53
56,73,69
56,74,63
56,75,71
56,76,14
56,77,64
56,78,73
56,79,92
56,80,29
56,81,45
56,82,20
56,83,51
56,84,41
56,85,80
56,86,98
56,87,21
56,88,92
56,89,48
56,90,48
56,91,84
56,92,29
56,93,1
56,94,71
56,95,86
56,96,72
56,97,3
56,98,65
56,99,41
56,100,96
57,1,53
57,2,85
57,3,49
57,4,74
57,5,0
57,6,72
57,7,88
57,8,64
57,9,45
57,10,81
57,11,93
57,12,42
57,13,53
57,14,96
57,15,83
57,16,85
57,17,95
57,18,57
57,19,77
57,20,43
57,21,5
57,22,61
57,23,25
57,24,59
57,25,84
57,26,63
57,27,31
57,28,87
57,29,28
57,30,24
57,31,36
57,32,33
57,33,10
57,34,37
57,35,7
57,36,10
57,37,10
57,38,96
57,39,27
57,40,7
57,41,29
57,42,72
57,43,2
57,44,34
57,45,69
57,46,37
57,47,19
57,48,64
57,49,94
57,50,48
57,51,7
57,52,52
57,53,61
57,54,32
57,55,11
57,56,45
57,57,95
57,58,94
57,59,84
57,60,75
57,61,19
57,62,20
57,63,8
57,64,29
57,65,58
57,66,68
57,67,91
57,68,20
57,69,64
57,70,18
57,71,27
57,72,45
57,73,91
57,74,29
57,75,79
57,76,12
57,77,67
57,78,50
57,79,76
57,80,61
57,81,98
57,82,83
57,83,65
57,84,59
57,85,68
57,86,76
57,87,4
57,88,15
57,89,23
57,90,40
57,91,43
57,92,42
57,93,61
57,94,3
57,95,23
57,96,19
57,97,71
57,98,66
57,99,39
57,100,87
58,1,85
58,2,18
58,3,32
58,4,28
58,5,48
58,6,63
58,7,40
58,8,67
58,9,13
58,10,68
58,11,80
58,12,63
58,13,3
58,14,46
58,15,22
58,16,71
58,17,74
58,18,78
58,19,39
58,20,97
58,21,19
58,22,82
58,23,39
58,24,32
58,25,37
58,26,14
58,27,51
58,28,9
58,29,81
58,30,42
58,31,96
58,32,18
58,33,12
58,34,81
58,35,98
58,36,12
58,37,44
58,38,90
58,39,79
58,40,10
58,41,58
58,42,12
58,43,25
58,44,13
58,45,10
58,46,48
58,47,85
58,48,84
58,49,78
58,50,76
58,51,82
58,52,49
58,53,10
58,54,73
58,55,81
58,56,47
58,57,40
58,58,84
58,59,56
58,60,73
58,61,78
58,62,53
58,63,91
58,64,91
58,65,86
58,66,41
58,67,3
58,68,82
58,69,31
58,70,35
58,71,44
58,72,41
58,73,47
58,74,70
58,75,54
58,76,57
58,77,70
58,78,91
58,79,93
58,80,48
58,81,19
58,82,75
58,83,98
58,84,29
58,85,1
58,86,79
58,87,77
58,88,93
58,89,16
58,90,85
58,91,66
58,92,94
58,93,90
58,94,57
58,95,85
58,96,76
58,97,50
58,98,89
58,99,59
58,100,33
59,1,76
59,2,3
59,3,26
59,4,23
59,5,73
59,6,32
59,7,32
59,8,43
59,9,24
59,10,25
59,11,44
59,12,43
59,13,53
59,14,94
59,15,25
59,16,6
59,17,25
59,18,54
59,19,99
59,20,41
59,21,39
59,22,65
59,23,36
59,24,30
59,25,74
59,26,21
59,27,58
59,28,24
59,29,62
59,30,69
59,31,9
59,32,38
59,33,73
59,34,35
59,35,13
59,36,98
59,37,67
59,38,45
59,39,94
59,40,43
59,41,23
59,42,90
59,43,87
59,44,28
59,45,84
59,46,64
59,47,34
59,48,9
59,49,18
59,50,85
59,51,51
59,52,57
59,53,2
59,54,87
59,55,39
59,56,76
59,57,60
59,58,98
59,59,52
59,60,23
59,61,19
59,62,61
59,63,61
59,64,92
59,65,48
59,66,75
59,67,43
59,68,15
59,69,72
59,70,89
59,71,59
59,72,47
59,73,79
59,74,98
59,75,75
59,76,15
59,77,62
59,78,61
59,79,24
59,80,32
59,81,46
59,82,27
59,83,89
59,84,48
59,85,66
59,86,81
59,87,76
59,88,27
59,89,31
59,90,80
59,91,50
59,92,50
59,93,93
59,94,63
59,95,95
59,96,41
59,97,90
59,98,90
59,99,9
59,100,15
60,1,79
60,2,68
60,3,62
60,4,10
60,5,18
60,6,90
60,7,25
60,8,80
60,9,51
60,10,1
60,11,12
60,12,98
60,13,81
60,14,53
60,15,98
60,16,47
60,17,86
60,18,27
60,19,74
60,20,17
60,21,7
60,22,76
60,23,20
60,24,1
60,25,92
60,26,15
60,27,94
60,28,82
60,29,5
60,30,3
60,31,49
60,32,36
60,33,23
60,34,12
60,35,98
60,36,41
60,37,2
60,38,75
60,39,73
60,40,5
60,41,28
60,42,37
60,43,3
60,44,9
60,45,91
60,46,54
60,47,57
60,48,77
60,49,81
60,50,83
60,51,47
60,52,40
60,53,60
60,54,67
60,55,93
60,56,52
60,57,34
60,58,40
60,59,86
60,60,91
60,61,43
60,62,36
60,63,27
60,64,67
60,65,0
60,66,25
60,67,60
60,68,54
60,69,52
60,70,34
60,71,59
60,72,80
60,73,71
60,74,15
60,75,90
60,76,14
60,77,21
60,78,99
60,79,44
60,80,54
60,81,82
60,82,91
60,83,94
60,84,42
60,85,10
60,86,40
60,87,46
60,88,44
60,89,80
60,90,85
60,91,35
60,92,75
60,93,73
60,94,14
60,95,42
60,96,73
60,97,91
60,98,55
60,99,27
60,100,43
61,1,89
61,2,38
61,3,23
61,4,60
61,5,53
61,6,65
61,7,27
61,8,26
61,9,64
61,10,71
61,11,80
61,12,47
61,13,62
61,14,75
61,15,41
61,16,72
61,17,67
61,18,40
61,19,68
61,20,47
61,21,25
61,22,3
61,23,22
61,24,98
61,25,69
61,26,17
61,27,23
61,28,60
61,29,72
61,30,2
61,31,55
61,32,13
61,33,40
61,34,78
61,35,25
61,36,46
61,37,96
61,38,52
61,39,72
61,40,60
61,41,23
61,42,53
61,43,7
61,44,37
61,45,80
61,46,1
61,47,61
61,48,47
61,49,41
61,50,29
61,51,46
61,52,66
61,53,84
61,54,20
61,55,16
61,56,53
61,57,89
61,58,39
61,59,65
61,60,13
61,61,41
61,62,20
61,63,26
61,64,81
61,65,51
61,66,4
61,67,79
61,68,47
61,69,56
61,70,52
61,71,7
61,72,32
61,73,57
61,74,67
61,75,69
61,76,89
61,77,68
61,78,31
61,79,36
61,80,9
61,81,60
61,82,34
61,83,27
61,84,97
61,85,54
61,86,43
61,87,50
61,88,44
61,89,82
61,90,68
61,91,57
61,92,23
61,93,88
61,94,36
61,95,56
61,96,91
61,97,40
61,98,36
61,99,38
61,100,96
62,1,40
62,2,98
62,3,28
62,4,97
62,5,65
62,6,50
62,7,38
62,8,33
62,9,81
62,10,26
62,11,94
62,12,93
62,13,60
62,14,21
62,15,90
62,16,66
62,17,64
62,18,93
62,19,10
62,20,98
62,21,61
62,22,20
62,23,21
62,24,1
62,25,8
62,26,29
62,27,93
62,28,48
62,29,65
62,30,31
62,31,96
62,32,57
62,33,29
62,34,77
62,35,6
62,36,46
62,37,27
62,38,44
62,39,31
62,40,60
62,41,70
62,42,25
62,43,53
62,44,30
62,45,98
62,46,44
62,47,49
62,48,14
62,49,89
62,50,11
62,51,12
62,52,50
62,53,31
62,54,85
62,55,3
62,56,39
62,57,15
62,58,96
62,59,39
62,60,32
62,61,80
62,62,36
62,63,42
62,64,61
62,65,13
62,66,48
62,67,8
62,68,92
62,69,93
62,70,91
62,71,52
62,72,15
62,73,17
62,74,5
62,75,98
62,76,67
62,77,1
62,78,47
62,79,34
62,80,90
62,81,58
62,82,46
62,83,92
62,84,42
62,85,84
62,86,96
62,87,33
62,88,51
62,89,44
62,90,73
62,91,35
62,92,24
62,93,9
62,94,77
62,95,86
62,96,74
62,97,26
62,98,46
62,99,66
62,100,71
63,1,89
63,2,18
63,3,86
63,4,58
63,5,23
63,6,36
63,7,26
63,8,77
63,9,83
63,10,60
63,11,67
63,12,94
63,13,58
63,14,12
63,15,36
63,16,42
63,17,8
63,18,69
63,19,45
63,20,52
63,21,42
63,22,81
63,23,29
63,24,3
63,25,58
63,26,67
63,27,77
63,28,36
63,29,65
63,30,95
63,31,7
63,32,54
63,33,13
63,34,46
63,35,13
63,36,89
63,37,82
63,38,39
63,39,66
63,40,18
63,41,51
63,42,85
63,43,12
63,44,9
63,45,49
63,46,0
63,47,4
63,48,57
63,49,69
63,50,49
63,51,62
63,52,64
63,53,30
63,54,91
63,55,19
63,56,41
63,57,10
63,58,49
63,59,77
63,60,75
63,61,44
63,62,37
63,63,29
63,64,10
63,65,35
63,66,42
63,67,99
63,68,69
63,69,33
63,70,17
63,71,87
63,72,84
63,73,54
63,74,51
63,75,46
63,76,4
63,77,51
63,78,50
63,79,13
63,80,73
63,81,51
63,82,75
63,83,37
63,84,34
63,85,18
63,86,56
63,87,75
63,88,28
63,89,5
63,90,4
63,91,3
63,92,2
63,93,41
63,94,85
63,95,12
63,96,76
63,97,27
63,98,11
63,99,98
63,100,13
64,1,80
64,2,85
64,3,97
64,4,86
64,5,89
64,6,95
64,7,90
64,8,40
64,9,45
64,10,56
64,11,13
64,12,97
64,13,83
64,14,2
64,15,31
64,16,2
64,17,59
64,18,58
64,19,82
64,20,16
64,21,62
64,22,38
64,23,18
64,24,4
64,25,23
64,26,30
64,27,32
64,28,2
64,29,93
64,30,82
64,31,15
64,32,25
64,33,68
64,34,65
64,35,64
64,36,57
64,37,60
64,38,6
64,39,49
64,40,6
64,41,62
64,42,15
64,43,55
64,44,46
64,45,17
64,46,38
64,47,0
64,48,76
64,49,96
64,50,82
64,51,45
64,52,10
64,53,20
64,54,15
64,55,66
64,56,43
64,57,98
64,58,51
64,59,46
64,60,43
64,61,33
64,62,61
64,63,21
64,64,1
64,65,78
64,66,85
64,67,10
64,68,39
64,69,91
64,70,12
64,71,97
64,72,54
64,73,27
64,74,52
64,75,0
64,76,44
64,77,42
64,78,0
64,79,73
64,80,90
64,81,34
64,82,70
64,83,0
64,84,55
64,85,85
64,86,67
64,87,50
64,88,83
64,89,18
64,90,96
64,91,79
64,92,51
64,93,10
64,94,0
64,95,5
64,96,88
64,97,85
64,98,67
64,99,79
64,100,76
65,1,79
65,2,76
65,3,82
65,4,58
65,5,28
65,6,34
65,7,3
65,8,22
65,9,86
65,10,28
65,11,12
65,12,21
65,13,98
65,14,13
65,15,76
65,16,35
65,17,80
65,18,78
65,19,71
65,20,98
65,21,75
65,22,50
65,23,1
65,24,37
65,25,50
65,26,6
65,27,77
65,28,87
65,29,26
65,30,57
65,31,15
65,32,5
65,33,33
65,34,98
65,35,16
65,36,14
65,37,32
65,38,19
65,39,36
65,40,19
65,41,99
65,42,49
65,43,92
65,44,49
65,45,62
65,46,20
65,47,84
65,48,94
65,49,98
65,50,55
65,51,44
65,52,25
65,53,57
65,54,45
65,55,62
65,56,7
65,57,4
65,58,92
65,59,46
65,60,30
65,61,49
65,62,62
65,63,87
65,64,34
65,65,60
65,66,3
65,67,48
65,68,44
65,69,74
65,70,37
65,71,15
65,72,73
65,73,38
65,74,7
65,75,22
65,76,52
65,77,27
65,78,59
65,79,46
65,80,26
65,81,14
65,82,42
65,83,51
65,84,24
65,85,87
65,86,66
65,87,83
65,88,43
65,89,58
65,90,30
65,91,73
65,92,59
65,93,92
65,94,13
65,95,93
65,96,4
65,97,16
65,98,94
65,99,48
65,100,91
66,1,31
66,2,16
66,3,16
66,4,69
66,5,23
66,6,91
66,7,73
66,8,3
66,9,50
66,10,19
66,11,81
66,12,16
66,13,13
66,14,84
66,15,40
66,16,0
66,17,50
66,18,24
66,19,96
66,20,60
66,21,54
66,22,21
66,23,19
66,24,98
66,25,34
66,26,65
66,27,2
66,28,51
66,29,59
66,30,2
66,31,94
66,32,42
66,33,18
66,34,10
66,35,63
66,36,94
66,37,53
66,38,36
66,39,97
66,40,3
66,41,7
66,42,78
66,43,20
66,44,20
66,45,62
66,46,12
66,47,72
66,48,65
66,49,36
66,50,68
66,51,25
66,52,42
66,53,42
66,54,97
66,55,40
66,56,76
66,57,62
66,58,94
66,59,79
66,60,73
66,61,97
66,62,25
66,63,67
66,64,67
66,65,88
66,66,30
66,67,61
66,68,41
66,69,18
66,70,10
66,71,45
66,72,25
66,73,40
66,74,17
66,75,97
66,76,3
66,77,29
66,78,69
66,79,20
66,80,66
66,81,90
66,82,97
66,83,8
66,84,32
66,85,46
66,86,1
66,87,60
66,88,60
66,89,95
66,90,40
66,91,33
66,92,44
66,93,17
66,94,0
66,95,12
66,96,5
66,97,82
66,98,25
66,99,47
66,100,0
67,1,36
67,2,44
67,3,77
67,4,76
67,5,61
67,6,74
67,7,31
67,8,90
67,9,44
67,10,3
67,11,8
67,12,86
67,13,1
67,14,69
67,15,18
67,16,99
67,17,70
67,18,78
67,19,60
67,20,65
67,21,70
67,22,45
67,23,10
67,24,88
67,25,46
67,26,22
67,27,45
67,28,80
67,29,99
67,30,92
67,31,81
67,32,87
67,33,88
67,34,10
67,35,16
67,36,49
67,37,85
67,38,47
67,39,92
67,40,81
67,41,3
67,42,52
67,43,67
67,44,56
67,45,21
67,46,37
67,47,55
67,48,91
67,49,15
67,50,15
67,51,57
67,52,38
67,53,61
67,54,67
67,55,78
67,56,59
67,57,41
67,58,23
67,59,39
67,60,92
67,61,68
67,62,72
67,63,80
67,64,56
67,65,35
67,66,96
67,67,58
67,68,20
67,69,95
67,70,2
67,71,1
67,72,98
67,73,54
67,74,20
67,75,54
67,76,76
67,77,57
67,78,62
67,79,67
67,80,72
67,81,77
67,82,76
67,83,62
67,84,90
67,85,95
67,86,40
67,87,1
67,88,88
67,89,16
67,90,93
67,91,81
67,92,84
67,93,65
67,94,61
67,95,92
67,96,0
67,97,57
67,98,2
67,99,72
67,100,4
68,1,4
68,2,25
68,3,3
68,4,59
68,5,45
68,6,9
68,7,87
68,8,2
68,9,71
68,10,54
68,11,27
68,12,1
68,13,83
68,14,41
68,15,43
68,16,78
68,17,82
68,18,45
68,19,67
68,20,50
68,21,38
68,22,48
68,23,34
68,24,55
68,25,61
68,26,78
68,27,8
68,28,70
68,29,81
68,30,80
68,31,74
68,32,37
68,33,6
68,34,29
68,35,96
68,36,3
68,37,39
68,38,35
68,39,58
68,40,62
68,41,90
68,42,85
68,43,15
68,44,25
68,45,26
68,46,59
68,47,3
68,48,60
68,49,4
68,50,22
68,51,10
68,52,42
68,53,70
68,54,96
68,55,97
68,56,83
68,57,27
68,58,5
68,59,53
68,60,8
68,61,38
68,62,28
68,63,45
68,64,96
68,65,9
68,66,94
68,67,99
68,68,48
68,69,29
68,70,57
68,71,63
68,72,71
68,73,94
68,74,78
68,75,96
68,76,73
68,77,89
68,78,52
68,79,33
68,80,93
68,81,74
68,82,96
68,83,87
68,84,97
68,85,44
68,86,37
68,87,80
68,88,71
68,89,94
68,90,34
68,91,79
68,92,32
68,93,14
68,94,77
68,95,28
68,96,23
68,97,23
68,98,80
68,99,24
68,100,4
69,1,89
69,2,87
69,3,76
69,4,84
69,5,17
69,6,24
69,7,57
69,8,7
69,9,76
69,10,42
69,11,52
69,12,3
69,13,90
69,14,40
69,15,0
69,16,35
69,17,77
69,18,80
69,19,6
69,20,71
69,21,66
69,22,38
69,23,56
69,24,80
69,25,67
69,26,36
69,27,56
69,28,90
69,29,68
69,30,80
69,31,94
69,32,58
69,33,19
69,34,22
69,35,94
69,36,88
69,37,47
69,38,3
69,39,95
69,40,75
69,41,97
69,42,0
69,43,78
69,44,88
69,45,92
69,46,30
69,47,23
69,48,69
69,49,63
69,50,81
69,51,92
69,52,29
69,53,19
69,54,0
69,55,10
69,56,86
69,57,89
69,58,66
69,59,28
69,60,57
69,61,98
69,62,23
69,63,15
69,64,17
69,65,97
69,66,61
69,67,5
69,68,96
69,69,64
69,70,53
69,71,72
69,72,62
69,73,5
69,74,2
69,75,50
69,76,97
69,77,85
69,78,25
69,79,18
69,80,48
69,81,6
69,82,62
69,83,77
69,84,78
69,85,63
69,86,39
69,87,16
69,88,52
69,89,57
69,90,45
69,91,61
69,92,55
69,93,20
69,94,77
69,95,24
69,96,17
69,97,90
69,98,82
69,99,14
69,100,55
70,1,87
70,2,38
70,3,17
70,4,92
70,5,92
70,6,19
70,7,41
70,8,77
70,9,96
70,10,59
70,11,25
70,12,2
70,13,73
70,14,55
70,15,32
70,16,36
70,17,94
70,18,49
70,19,40
70,20,4
70,21,94
70,22,2
70,23,59
70,24,14
70,25,31
70,26,36
70,27,83
70,28,21
70,29,70
70,30,97
70,31,28
70,32,57
70,33,87
70,34,97
70,35,1
70,36,80
70,37,68
70,38,94
70,39,57
70,40,64
70,41,53
70,42,35
70,43,19
70,44,26
70,45,90
70,46,51
70,47,15
70,48,36
70,49,52
70,50,7
70,51,40
70,52,46
70,53,61
70,54,52
70,55,12
70,56,44
70,57,88
70,58,96
70,59,18
70,60,10
70,61,45
70,62,46
70,63,19
70,64,33
70,65,96
70,66,20
70,67,65
70,68,64
70,69,66
70,70,22
70,71,29
70,72,19
70,73,9
70,74,48
70,75,97
70,76,51
70,77,51
70,78,64
70,79,88
70,80,4
70,81,72
70,82,28
70,83,2
70,84,85
70,85,32
70,86,15
70,87,30
70,88,72
70,89,63
70,90,48
70,91,82
70,92,60
70,93,46
70,94,1
70,95,45
70,96,42
70,97,73
70,98,10
70,99,7
70,100,39
71,1,85
71,2,36
71,3,10
71,4,94
71,5,36
71,6,60
71,7,46
71,8,39
71,9,24
71,10,86
71,11,43
71,12,48
71,13,66
71,14,98
71,15,34
71,16,99
71,17,13
71,18,16
71,19,71
71,20,28
71,21,64
71,22,6
71,23,88
71,24,10
71,25,7
71,26,34
71,27,5
71,28,33
71,29,44
71,30,12
71,31,72
71,32,81
71,33,0
71,34,35
71,35,76
71,36,88
71,37,95
71,38,74
71,39,27
71,40,71
71,41,60
71,42,23
71,43,20
71,44,26
71,45,73
71,46,6
71,47,25
71,48,86
71,49,22
71,50,49
71,51,66
71,52,38
71,53,55
71,54,6
71,55,0
71,56,14
71,57,92
71,58,5
71,59,47
71,60,89
71,61,69
71,62,72
71,63,70
71,64,21
71,65,7
71,66,46
71,67,9
71,68,54
71,69,20
71,70,89
71,71,25
71,72,32
71,73,64
71,74,97
71,75,59
71,76,37
71,77,55
71,78,84
71,79,75
71,80,29
71,81,33
71,82,93
71,83,67
71,84,40
71,85,99
71,86,20
71,87,55
71,88,92
71,89,25
71,90,2
71,91,33
71,92,47
71,93,26
71,94,3
71,95,68
71,96,33
71,97,2
71,98,30
71,99,39
71,100,74
72,1,19
72,2,17
72,3,7
72,4,35
72,5,14
72,6,66
72,7,72
72,8,22
72,9,2
72,10,99
72,11,51
72,12,88
72,13,92
72,14,71
72,15,28
72,16,91
72,17,91
72,18,35
72,19,35
72,20,68
72,21,38
72,22,68
72,23,15
72,24,64
72,25,72
72,26,36
72,27,50
72,28,26
72,29,66
72,30,41
72,31,0
72,32,37
72,33,58
72,34,7
72,35,72
72,36,25
72,37,25
72,38,44
72,39,47
72,40,28
72,41,43
72,42,50
72,43,16
72,44,35
72,45,21
72,46,96
72,47,78
72,48,12
72,49,32
72,50,14
72,51,81
72,52,22
72,53,34
72,54,48
72,55,38
72,56,58
72,57,84
72,58,40
72,59,84
72,60,2
72,61,82
72,62,85
72,63,39
72,64,92
72,65,44
72,66,11
72,67,17
72,68,70
72,69,7
72,70,16
72,71,98
72,72,2
72,73,67
72,74,66
72,75,89
72,76,40
72,77,14
72,78,68
72,79,53
72,80,46
72,81,34
72,82,86
72,83,20
72,84,68
72,85,86
72,86,59
72,87,27
72,88,23
72,89,51
72,90,63
72,91,25
72,92,33
72,93,48
72,94,65
72,95,26
72,96,93
72,97,76
72,98,95
72,99,63
72,100,84
73,1,64
73,2,13
73,3,38
73,4,31
73,5,79
73,6,28
73,7,71
73,8,45
73,9,96
73,10,76
73,11,44
73,12,30
73,13,14
73,14,64
73,15,50
73,16,53
73,17,75
73,18,29
73,19,76
73,20,27
73,21,93
73,22,53
73,23,12
73,24,93
73,25,18
73,26,90
73,27,86
73,28,47
73,29,86
73,30,1
73,31,83
73,32,50
73,33,14
73,34,21
73,35,33
73,36,45
73,37,49
73,38,56
73,39,43
73,40,45
73,41,85
73,42,87
73,43,27
73,44,51
73,45,51
73,46,30
73,47,4
73,48,79
73,49,11
73,50,32
73,51,58
73,52,4
73,53,86
73,54,70
73,55,50
73,56,4
73,57,61
73,58,36
73,59,3
73,60,99
73,61,90
73,62,86
73,63,1
73,64,56
73,65,8
73,66,86
73,67,54
73,68,9
73,69,94
73,70,97
73,71,7
73,72,79
73,73,84
73,74,86
73,75,83
73,76,87
73,77,16
73,78,39
73,79,18
73,80,28
73,81,72
73,82,76
73,83,84
73,84,58
73,85,47
73,86,34
73,87,14
73,88,60
73,89,23
73,90,70
73,91,11
73,92,65
73,93,56
73,94,64
73,95,21
73,96,16
73,97,2
73,98,27
73,99,26
73,100,96
74,1,76
74,2,85
74,3,28
74,4,12
74,5,71
74,6,11
74,7,0
74,8,40
74,9,2
74,10,70
74,11,20
74,12,74
74,13,47
74,14,4
74,15,84
74,16,46
74,17,91
74,18,51
74,19,6
74,20,66
74,21,21
74,22,69
74,23,31
74,24,29
74,25,33
74,26,4
74,27,46
74,28,35
74,29,32
74,30,24
74,31,83
74,32,8
74,33,9
74,34,11
74,35,21
74,36,32
74,37,74
74,38,73
74,39,72
74,40,77
74,41,43
74,42,92
74,43,3
74,44,42
74,45,97
74,46,88
74,47,88
74,48,40
74,49,91
74,50,94
74,51,6
74,52,12
74,53,15
74,54,89
74,55,41
74,56,48
74,57,93
74,58,39
74,59,35
74,60,77
74,61,15
74,62,19
74,63,86
74,64,76
74,65,82
74,66,59
74,67,9
74,68,57
74,69,84
74,70,81
74,71,86
74,72,27
74,73,26
74,74,89
74,75,22
74,76,75
74,77,77
74,78,10
74,79,15
74,80,68
74,81,57
74,82,73
74,83,32
74,84,72
74,85,62
74,86,26
74,87,73
74,88,7
74,89,17
74,90,8
74,91,85
74,92,33
74,93,79
74,94,23
74,95,61
74,96,14
74,97,82
74,98,70
74,99,71
74,100,66
75,1,4
75,2,9
75,3,45
75,4,30
75,5,98
75,6,67
75,7,5
75,8,28
75,9,78
75,10,72
75,11,48
75,12,87
75,13,45
75,14,81
75,15,59
75,16,59
75,17,59
75,18,84
75,19,66
75,20,76
75,21,45
75,22,51
75,23,9
75,24,24
75,25,74
75,26,71
75,27,38
75,28,56
75,29,93
75,30,61
75,31,74
75,32,49
75,33,70
75,34,72
75,35,79
75,36,21
75,37,91
75,38,36
75,39,49
75,40,21
75,41,8
75,42,97
75,43,8
75,44,5
75,45,30
75,46,68
75,47,64
75,48,89
75,49,52
75,50,31
75,51,66
75,52,97
75,53,82
75,54,27
75,55,74
75,56,9
75,57,50
75,58,64
75,59,17
75,60,96
75,61,78
75,62,92
75,63,45
75,64,0
75,65,16
75,66,25
75,67,21
75,68,7
75,69,13
75,70,22
75,71,29
75,72,74
75,73,20
75,74,37
75,75,79
75,76,2
75,77,57
75,78,96
75,79,92
75,80,62
75,81,27
75,82,58
75,83,59
75,84,61
75,85,37
75,86,85
75,87,70
75,88,88
75,89,2
75,90,40
75,91,84
75,92,80
75,93,32
75,94,29
75,95,80
75,96,0
75,97,6
75,98,54
75,99,7
75,100,72
76,1,76
76,2,36
76,3,46
76,4,48
76,5,74
76,6,77
76,7,51
76,8,31
76,9,73
76,10,95
76,11,93
76,12,0
76,13,5
76,14,5
76,15,14
76,16,42
76,17,42
76,18,36
76,19,82
76,20,44
76,21,76
76,22,18
76,23,24
76,24,60
76,25,0
76,26,57
76,27,60
76,28,6
76,29,11
76,30,68
76,31,30
76,32,39
76,33,56
76,34,76
76,35,88
76,36,30
76,37,54
76,38,91
76,39,14
76,40,27
76,41,38
76,42,59
76,43,80
76,44,43
76,45,16
76,46,46
76,47,85
76,48,59
76,49,82
76,50,20
76,51,3
76,52,11
76,53,38
76,54,80
76,55,71
76,56,38
76,57,89
76,58,84
76,59,97
76,60,0
76,61,4
76,62,27
76,63,91
76,64,60
76,65,4
76,66,31
76,67,91
76,68,10
76,69,74
76,70,57
76,71,89
76,72,12
76,73,16
76,74,69
76,75,55
76,76,85
76,77,15
76,78,93
76,79,44
76,80,50
76,81,13
76,82,99
76,83,61
76,84,3
76,85,31
76,86,32
76,87,42
76,88,20
76,89,68
76,90,91
76,91,72
76,92,72
76,93,18
76,94,16
76,95,33
76,96,74
76,97,47
76,98,76
76,99,36
76,100,22
77,1,33
77,2,26
77,3,34
77,4,1
77,5,95
77,6,42
77,7,86
77,8,63
77,9,87
77,10,82
77,11,13
77,12,0
77,13,34
77,14,74
77,15,55
77,16,17
77,17,58
77,18,49
77,19,38
77,20,27
77,21,40
77,22,62
77,23,51
77,24,59
77,25,78
77,26,84
77,27,85
77,28,78
77,29,60
77,30,22
77,31,0
77,32,45
77,33,48
77,34,86
77,35,47
77,36,95
77,37,80
77,38,85
77,39,58
77,40,67
77,41,20
77,42,23
77,43,19
77,44,6
77,45,97
77,46,75
77,47,23
77,48,8
77,49,24
77,50,13
77,51,87
77,52,65
77,53,76
77,54,38
77,55,76
77,56,6
77,57,23
77,58,13
77,59,84
77,60,35
77,61,35
77,62,36
77,63,81
77,64,35
77,65,75
77,66,80
77,67,31
77,68,55
77,69,17
77,70,41
77,71,23
77,72,37
77,73,65
77,74,94
77,75,95
77,76,62
77,77,69
77,78,19
77,79,22
77,80,46
77,81,32
77,82,9
77,83,63
77,84,60
77,85,48
77,86,39
77,87,67
77,88,23
77,89,52
77,90,3
77,91,58
77,92,40
77,93,40
77,94,39
77,95,75
77,96,67
77,97,19
77,98,6
77,99,22
77,100,37
78,1,48
78,2,97
78,3,26
78,4,65
78,5,44
78,6,22
78,7,27
78,8,13
78,9,93
78,10,2
78,11,11
78,12,25
78,13,11
78,14,74
78,15,38
78,16,11
78,17,13
78,18,57
78,19,34
78,20,18
78,21,12
78,22,93
78,23,10
78,24,4
78,25,84
78,26,85
78,27,71
78,28,56
78,29,44
78,30,46
78,31,93
78,32,44
78,33,43
78,34,71
78,35,9
78,36,39
78,37,45
78,38,88
78,39,53
78,40,38
78,41,90
78,42,64
78,43,16
78,44,54
78,45,91
78,46,54
78,47,65
78,48,4
78,49,63
78,50,0
78,51,74
78,52,75
78,53,45
78,54,84
78,55,80
78,56,29
78,57,22
78,58,51
78,59,85
78,60,66
78,61,97
78,62,30
78,63,62
78,64,93
78,65,54
78,66,71
78,67,32
78,68,99
78,69,11
78,70,37
78,71,38
78,72,2
78,73,54
78,74,6
78,75,8
78,76,45
78,77,12
78,78,73
78,79,1
78,80,75
78,81,25
78,82,28
78,83,2
78,84,70
78,85,64
78,86,82
78,87,0
78,88,86
78,89,86
78,90,37
78,91,4
78,92,35
78,93,68
78,94,66
78,95,80
78,96,22
78,97,89
78,98,65
78,99,73
78,100,1
79,1,54
79,2,63
79,3,55
79,4,8
79,5,69
79,6,63
79,7,5
79,8,81
79,9,88
79,10,59
79,11,8
79,12,14
79,13,39
79,14,63
79,15,84
79,16,3
79,17,45
79,18,36
79,19,90
79,20,83
79,21,74
79,22,46
79,23,71
79,24,94
79,25,13
79,26,51
79,27,68
79,28,54
79,29,68
79,30,93
79,31,55
79,32,23
79,33,57
79,34,62
79,35,83
79,36,78
79,37,77
79,38,41
79,39,12
79,40,66
79,41,0
79,42,20
79,43,80
79,44,39
79,45,83
79,46,16
79,47,94
79,48,81
79,49,5
79,50,84
79,51,16
79,52,79
79,53,31
79,54,87
79,55,25
79,56,96
79,57,91
79,58,45
79,59,50
79,60,59
79,61,38
79,62,58
79,63,82
79,64,95
79,65,72
79,66,66
79,67,74
79,68,50
79,69,7
79,70,86
79,71,68
79,72,59
79,73,58
79,74,0
79,75,50
79,76,94
79,77,16
79,78,44
79,79,27
79,80,73
79,81,81
79,82,43
79,83,52
79,84,64
79,85,31
79,86,29
79,87,12
79,88,22
79,89,74
79,90,62
79,91,81
79,92,13
79,93,72
79,94,16
79,95,8
79,96,45
79,97,34
79,98,34
79,99,47
79,100,93
80,1,72
80,2,15
80,3,52
80,4,31
80,5,15
80,6,54
80,7,77
80,8,83
80,9,98
80,10,4
80,11,57
80,12,31
80,13,47
80,14,61
80,15,95
80,16,30
80,17,91
80,18,59
80,19,4
80,20,17
80,21,22
80,22,38
80,23,30
80,24,46
80,25,54
80,26,91
80,27,43
80,28,40
80,29,77
80,30,90
80,31,33
80,32,50
80,33,5
80,34,37
80,35,33
80,36,72
80,37,91
80,38,10
80,39,8
80,40,41
80,41,66
80,42,17
80,43,25
80,44,65
80,45,30
80,46,72
80,47,96
80,48,73
80,49,32
80,50,0
80,51,91
80,52,6
80,53,90
80,54,73
80,55,52
80,56,96
80,57,64
80,58,96
80,59,36
80,60,94
80,61,86
80,62,69
80,63,44
80,64,44
80,65,6
80,66,29
80,67,68
80,68,49
80,69,39
80,70,28
80,71,43
80,72,5
80,73,45
80,74,68
80,75,70
80,76,28
80,77,92
80,78,18
80,79,1
80,80,24
80,81,71
80,82,92
80,83,30
80,84,61
80,85,18
80,86,83
80,87,58
80,88,34
80,89,31
80,90,94
80,91,28
80,92,17
80,93,16
80,94,72
80,95,13
80,96,74
80,97,53
80,98,34
80,99,76
80,100,92
81,1,62
81,2,71
81,3,49
81,4,60
81,5,91
81,6,72
81,7,88
81,8,83
81,9,42
81,10,89
81,11,8
81,12,13
81,13,34
81,14,38
81,15,27
81,16,4
81,17,73
81,18,37
81,19,38
81,20,4
81,21,83
81,22,67
81,23,74
81,24,51
81,25,91
81,26,39
81,27,26
81,28,45
81,29,73
81,30,54
81,31,89
81,32,36
81,33,25
81,34,91
81,35,96
81,36,16
81,37,63
81,38,36
81,39,99
81,40,57
81,41,77
81,42,7
81,43,23
81,44,11
81,45,98
81,46,50
81,47,15
81,48,71
81,49,39
81,50,6
81,51,28
81,52,22
81,53,73
81,54,54
81,55,26
81,56,16
81,57,93
81,58,52
81,59,61
81,60,67
81,61,6
81,62,3
81,63,3
81,64,31
81,65,94
81,66,51
81,67,47
81,68,9
81,69,39
81,70,98
81,71,66
81,72,16
81,73,6
81,74,89
81,75,80
81,76,56
81,77,91
81,78,47
81,79,79
81,80,82
81,81,53
81,82,7
81,83,57
81,84,78
81,85,61
81,86,83
81,87,95
81,88,55
81,89,87
81,90,8
81,91,74
81,92,93
81,93,11
81,94,29
81,95,76
81,96,5
81,97,80
81,98,75
81,99,66
81,100,71
82,1,73
82,2,33
82,3,87
82,4,31
82,5,74
82,6,19
82,7,87
82,8,18
82,9,67
82,10,67
82,11,52
82,12,72
82,13,74
82,14,9
82,15,51
82,16,88
82,17,92
82,18,98
82,19,95
82,20,79
82,21,6
82,22,69
82,23,24
82,24,18
82,25,98
82,26,52
82,27,75
82,28,30
82,29,27
82,30,42
82,31,1
82,32,1
82,33,27
82,34,40
82,35,84
82,36,53
82,37,60
82,38,72
82,39,23
82,40,79
82,41,39
82,42,76
82,43,51
82,44,65
82,45,85
82,46,54
82,47,5
82,48,30
82,49,52
82,50,0
82,51,61
82,52,59
82,53,69
82,54,38
82,55,29
82,56,67
82,57,90
82,58,56
82,59,49
82,60,18
82,61,50
82,62,50
82,63,71
82,64,77
82,65,91
82,66,55
82,67,83
82,68,3
82,69,79
82,70,6
82,71,82
82,72,70
82,73,82
82,74,33
82,75,88
82,76,20
82,77,88
82,78,93
82,79,2
82,80,92
82,81,46
82,82,63
82,83,51
82,84,67
82,85,1
82,86,32
82,87,35
82,88,44
82,89,89
82,90,36
82,91,62
82,92,39
82,93,87
82,94,85
82,95,69
82,96,30
82,97,92
82,98,52
82,99,33
82,100,72
83,1,10
83,2,15
83,3,94
83,4,45
83,5,0
83,6,82
83,7,17
83,8,40
83,9,28
83,10,19
83,11,33
83,12,74
83,13,34
83,14,36
83,15,41
83,16,88
83,17,69
83,18,28
83,19,32
83,20,10
83,21,65
83,22,46
83,23,1
83,24,4
83,25,31
83,26,70
83,27,34
83,28,75
83,29,74
83,30,19
83,31,47
83,32,85
83,33,34
83,34,94
83,35,82
83,36,86
83,37,76
83,38,99
83,39,27
83,40,4
83,41,18
83,42,12
83,43,30
83,44,4
83,45,0
83,46,72
83,47,92
83,48,69
83,49,52
83,50,76
83,51,31
83,52,17
83,53,22
83,54,33
83,55,21
83,56,5
83,57,55
83,58,7
83,59,81
83,60,30
83,61,26
83,62,80
83,63,67
83,64,12
83,65,74
83,66,49
83,67,99
83,68,51
83,69,0
83,70,78
83,71,7
83,72,18
83,73,42
83,74,38
83,75,74
83,76,42
83,77,62
83,78,67
83,79,64
83,80,14
83,81,43
83,82,95
83,83,84
83,84,66
83,85,80
83,86,57
83,87,23
83,88,36
83,89,65
83,90,4
83,91,18
83,92,43
83,93,85
83,94,85
83,95,56
83,96,11
83,97,86
83,98,7
83,99,14
83,100,86
84,1,37
84,2,22
84,3,56
84,4,79
84,5,12
84,6,30
84,7,21
84,8,74
84,9,49
84,10,37
84,11,40
84,12,93
84,13,85
84,14,24
84,15,11
84,16,65
84,17,82
84,18,86
84,19,53
84,20,99
84,21,91
84,22,71
84,23,42
84,24,28
84,25,8
84,26,98
84,27,39
84,28,46
84,29,57
84,30,54
84,31,84
84,32,94
84,33,28
84,34,92
84,35,73
84,36,40
84,37,23
84,38,47
84,39,66
84,40,24
84,41,36
84,42,6
84,43,17
84,44,21
84,45,31
84,46,80
84,47,39
84,48,65
84,49,67
84,50,92
84,51,64
84,52,10
84,53,16
84,54,6
84,55,90
84,56,76
84,57,57
84,58,29
84,59,75
84,60,66
84,61,35
84,62,59
84,63,61
84,64,15
84,65,52
84,66,86
84,67,55
84,68,27
84,69,85
84,70,73
84,71,51
84,72,22
84,73,80
84,74,21
84,75,43
84,76,63
84,77,53
84,78,34
84,79,28
84,80,72
84,81,79
84,82,92
84,83,34
84,84,95
84,85,50
84,86,24
84,87,23
84,88,59
84,89,6
84,90,98
84,91,26
84,92,41
84,93,10
84,94,87
84,95,57
84,96,14
84,97,25
84,98,64
84,99,41
84,100,11
85,1,38
85,2,44
85,3,33
85,4,18
85,5,65
85,6,28
85,7,33
85,8,71
85,9,63
85,10,61
85,11,43
85,12,94
85,13,5
85,14,78
85,15,89
85,16,7
85,17,2
85,18,64
85,19,67
85,20,60
85,21,15
85,22,45
85,23,2
85,24,77
85,25,84
85,26,11
85,27,91
85,28,9
85,29,75
85,30,84
85,31,72
85,32,65
85,33,28
85,34,5
85,35,35
85,36,46
85,37,86
85,38,68
85,39,17
85,40,1
85,41,29
85,42,12
85,43,95
85,44,86
85,45,42
85,46,36
85,47,94
85,48,97
85,49,52
85,50,13
85,51,57
85,52,67
85,53,58
85,54,59
85,55,44
85,56,42
85,57,22
85,58,35
85,59,3
85,60,98
85,61,71
85,62,76
85,63,15
85,64,0
85,65,33
85,66,51
85,67,46
85,68,19
85,69,19
85,70,15
85,71,72
85,72,1
85,73,79
85,74,67
85,75,87
85,76,22
85,77,55
85,78,33
85,79,19
85,80,8
85,81,46
85,82,76
85,83,75
85,84,4
85,85,88
85,86,72
85,87,98
85,88,10
85,89,59
85,90,54
85,91,60
85,92,31
85,93,30
85,94,76
85,95,31
85,96,63
85,97,27
85,98,29
85,99,35
85,100,98
86,1,96
86,2,7
86,3,99
86,4,75
86,5,27
86,6,87
86,7,97
86,8,82
86,9,20
86,10,68
86,11,90
86,12,67
86,13,97
86,14,18
86,15,23
86,16,85
86,17,90
86,18,74
86,19,47
86,20,49
86,21,28
86,22,60
86,23,32
86,24,10
86,25,88
86,26,15
86,27,25
86,28,15
86,29,96
86,30,60
86,31,65
86,32,92
86,33,20
86,34,65
86,35,20
86,36,47
86,37,52
86,38,17
86,39,81
86,40,24
86,41,38
86,42,24
86,43,43
86,44,35
86,45,42
86,46,19
86,47,20
86,48,84
86,49,93
86,50,19
86,51,85
86,52,73
86,53,79
86,54,18
86,55,83
86,56,67
86,57,33
86,58,8
86,59,34
86,60,30
86,61,21
86,62,0
86,63,22
86,64,41
86,65,65
86,66,94
86,67,40
86,68,69
86,69,64
86,70,73
86,71,93
86,72,2
86,73,97
86,74,89
86,75,37
86,76,91
86,77,8
86,78,9
86,79,75
86,80,1
86,81,80
86,82,61
86,83,26
86,84,60
86,85,79
86,86,9
86,87,79
86,88,64
86,89,69
86,90,14
86,91,94
86,92,90
86,93,66
86,94,69
86,95,83
86,96,83
86,97,63
86,98,75
86,99,52
86,100,27
87,1,49
87,2,97
87,3,81
87,4,98
87,5,86
87,6,18
87,7,90
87,8,94
87,9,79
87,10,65
87,11,47
87,12,60
87,13,78
87,14,73
87,15,20
87,16,57
87,17,82
87,18,51
87,19,22
87,20,4
87,21,65
87,22,68
87,23,94
87,24,83
87,25,37
87,26,30
87,27,66
87,28,53
87,29,5
87,30,70
87,31,32
87,32,6
87,33,68
87,34,14
87,35,5
87,36,6
87,37,84
87,38,95
87,39,1
87,40,64
87,41,12
87,42,0
87,43,24
87,44,91
87,45,74
87,46,96
87,47,0
87,48,8
87,49,47
87,50,74
87,51,12
87,52,65
87,53,43
87,54,59
87,55,48
87,56,32
87,57,41
87,58,67
87,59,37
87,60,98
87,61,37
87,62,70
87,63,5
87,64,57
87,65,84
87,66,10
87,67,64
87,68,68
87,69,57
87,70,17
87,71,84
87,72,69
87,73,17
87,74,8
87,75,12
87,76,43
87,77,56
87,78,13
87,79,52
87,80,56
87,81,87
87,82,16
87,83,21
87,84,30
87,85,27
87,86,21
87,87,15
87,88,20
87,89,88
87,90,52
87,91,19
87,92,78
87,93,22
87,94,24
87,95,35
87,96,58
87,97,86
87,98,99
87,99,27
87,100,43
88,1,16
88,2,11
88,3,64
88,4,86
88,5,72
88,6,77
88,7,29
88,8,28
88,9,90
88,10,33
88,11,36
88,12,77
88,13,2
88,14,57
88,15,60
88,16,81
88,17,31
88,18,75
88,19,2
88,20,71
88,21,27
88,22,21
88,23,49
88,24,50
88,25,97
88,26,85
88,27,60
88,28,83
88,29,36
88,30,87
88,31,26
88,32,5
88,33,51
88,34,90
88,35,91
88,36,75
88,37,19
88,38,20
88,39,55
88,40,9
88,41,6
88,42,92
88,43,39
88,44,8
88,45,1
88,46,99
88,47,89
88,48,32
88,49,74
88,50,91
88,51,56
88,52,53
88,53,64
88,54,5
88,55,55
88,56,61
88,57,42
88,58,16
88,59,44
88,60,31
88,61,55
88,62,22
88,63,36
88,64,6
88,65,65
88,66,27
88,67,33
88,68,84
88,69,99
88,70,89
88,71,46
88,72,57
88,73,81
88,74,85
88,75,65
88,76,82
88,77,84
88,78,7
88,79,67
88,80,10
88,81,98
88,82,23
88,83,15
88,84,15
88,85,80
88,86,71
88,87,76
88,88,75
88,89,39
88,90,73
88,91,6
88,92,94
88,93,95
88,94,42
88,95,53
88,96,12
88,97,21
88,98,86
88,99,49
88,100,72
89,1,27
89,2,95
89,3,30
89,4,8
89,5,80
89,6,47
89,7,43
89,8,16
89,9,54
89,10,10
89,11,78
89,12,5
89,13,85
89,14,93
89,15,20
89,16,65
89,17,16
89,18,48
89,19,92
89,20,7
89,21,21
89,22,98
89,23,54
89,24,69
89,25,92
89,26,7
89,27,81
89,28,65
89,29,45
89,30,30
89,31,38
89,32,73
89,33,25
89,34,20
89,35,81
89,36,57
89,37,19
89,38,76
89,39,73
89,40,74
89,41,38
89,42,3
89,43,31
89,44,23
89,45,49
89,46,3
89,47,41
89,48,17
89,49,51
89,50,33
89,51,25
89,52,73
89,53,32
89,54,79
89,55,42
89,56,76
89,57,38
89,58,23
89,59,42
89,60,83
89,61,6
89,62,32
89,63,8
89,64,31
89,65,4
89,66,42
89,67,41
89,68,23
89,69,18
89,70,14
89,71,49
89,72,57
89,73,70
89,74,32
89,75,80
89,76,19
89,77,35
89,78,73
89,79,88
89,80,87
89,81,7
89,82,65
89,83,60
89,84,91
89,85,44
89,86,54
89,87,67
89,88,34
89,89,77
89,90,61
89,91,18
89,92,35
89,93,45
89,94,26
89,95,67
89,96,49
89,97,20
89,98,8
89,99,25
89,100,39
90,1,74
90,2,74
90,3,96
90,4,96
90,5,59
90,6,28
90,7,67
90,8,94
90,9,54
90,10,56
90,11,81
90,12,61
90,13,21
90,14,93
90,15,4
90,16,18
90,17,47
90,18,23
90,19,52
90,20,77
90,21,85
90,22,22
90,23,12
90,24,30
90,25,1
90,26,79
90,27,32
90,28,21
90,29,39
90,30,57
90,31,60
90,32,66
90,33,83
90,34,8
90,35,62
90,36,42
90,37,89
90,38,30
90,39,37
90,40,43
90,41,86
90,42,70
90,43,56
90,44,59
90,45,64
90,46,12
90,47,77
90,48,11
90,49,35
90,50,30
90,51,88
90,52,72
90,53,4
90,54,1
90,55,55
90,56,5
90,57,32
90,58,87
90,59,27
90,60,24
90,61,44
90,62,39
90,63,90
90,64,79
90,65,48
90,66,52
90,67,74
90,68,89
90,69,82
90,70,11
90,71,84
90,72,20
90,73,33
90,74,40
90,75,80
90,76,97
90,77,52
90,78,9
90,79,61
90,80,39
90,81,91
90,82,49
90,83,12
90,84,96
90,85,2
90,86,67
90,87,1
90,88,35
90,89,54
90,90,80
90,91,11
90,92,50
90,93,20
90,94,1
90,95,81
90,96,20
90,97,53
90,98,55
90,99,9
90,100,88
91,1,18
91,2,93
91,3,60
91,4,52
91,5,85
91,6,92
91,7,49
91,8,89
91,9,54
91,10,62
91,11,28
91,12,45
91,13,12
91,14,40
91,15,41
91,16,66
91,17,7
91,18,95
91,19,53
91,20,13
91,21,75
91,22,64
91,23,15
91,24,47
91,25,65
91,26,97
91,27,19
91,28,71
91,29,52
91,30,28
91,31,11
91,32,71
91,33,73
91,34,71
91,35,23
91,36,10
91,37,16
91,38,24
91,39,99
91,40,70
91,41,87
91,42,80
91,43,15
91,44,51
91,45,20
91,46,9
91,47,17
91,48,80
91,49,56
91,50,23
91,51,45
91,52,83
91,53,87
91,54,61
91,55,31
91,56,53
91,57,58
91,58,50
91,59,76
91,60,10
91,61,31
91,62,87
91,63,33
91,64,56
91,65,10
91,66,8
91,67,19
91,68,26
91,69,33
91,70,70
91,71,48
91,72,72
91,73,50
91,74,16
91,75,23
91,76,23
91,77,25
91,78,92
91,79,55
91,80,81
91,81,15
91,82,0
91,83,64
91,84,55
91,85,13
91,86,47
91,87,60
91,88,23
91,89,50
91,90,36
91,91,86
91,92,33
91,93,75
91,94,19
91,95,89
91,96,85
91,97,28
91,98,8
91,99,64
91,100,13
92,1,31
92,2,64
92,3,85
92,4,81
92,5,80
92,6,60
92,7,4
92,8,5
92,9,4
92,10,11
92,11,38
92,12,20
92,13,12
92,14,55
92,15,27
92,16,77
92,17,2
92,18,87
92,19,1
92,20,52
92,21,23
92,22,87
92,23,85
92,24,98
92,25,6
92,26,27
92,27,35
92,28,86
92,29,87
92,30,51
92,31,99
92,32,18
92,33,16
92,34,36
92,35,52
92,36,96
92,37,96
92,38,8
92,39,54
92,40,1
92,41,20
92,42,92
92,43,73
92,44,84
92,45,99
92,46,0
92,47,61
92,48,2
92,49,39
92,50,62
92,51,6
92,52,62
92,53,49
92,54,44
92,55,12
92,56,8
92,57,23
92,58,47
92,59,94
92,60,62
92,61,99
92,62,94
92,63,33
92,64,67
92,65,30
92,66,85
92,67,63
92,68,79
92,69,93
92,70,69
92,71,32
92,72,13
92,73,14
92,74,57
92,75,97
92,76,13
92,77,9
92,78,11
92,79,67
92,80,48
92,81,73
92,82,74
92,83,10
92,84,75
92,85,70
92,86,74
92,87,83
92,88,45
92,89,21
92,90,29
92,91,7
92,92,72
92,93,75
92,94,40
92,95,39
92,96,6
92,97,77
92,98,55
92,99,37
92,100,71
93,1,24
93,2,69
93,3,36
93,4,38
93,5,78
93,6,86
93,7,4
93,8,87
93,9,97
93,10,71
93,11,35
93,12,22
93,13,97
93,14,97
93,15,97
93,16,67
93,17,71
93,18,32
93,19,64
93,20,44
93,21,62
93,22,24
93,23,69
93,24,89
93,25,64
93,26,8
93,27,95
93,28,42
93,29,15
93,30,84
93,31,65
93,32,92
93,33,5
93,34,1
93,35,82
93,36,83
93,37,87
93,38,86
93,39,70
93,40,36
93,41,58
93,42,57
93,43,59
93,44,55
93,45,54
93,46,8
93,47,75
93,48,77
93,49,93
93,50,39
93,51,22
93,52,55
93,53,15
93,54,91
93,55,96
93,56,80
93,57,51
93,58,92
93,59,74
93,60,19
93,61,28
93,62,39
93,63,11
93,64,34
93,65,92
93,66,45
93,67,17
93,68,80
93,69,32
93,70,40
93,71,68
93,72,90
93,73,97
93,74,27
93,75,97
93,76,4
93,77,36
93,78,72
93,79,33
93,80,29
93,81,64
93,82,7
93,83,36
93,84,79
93,85,98
93,86,32
93,87,11
93,88,2
93,89,76
93,90,37
93,91,73
93,92,5
93,93,76
93,94,36
93,95,91
93,96,21
93,97,81
93,98,8
93,99,53
93,100,13
94,1,48
94,2,21
94,3,55
94,4,46
94,5,49
94,6,5
94,7,2
94,8,37
94,9,29
94,10,35
94,11,18
94,12,93
94,13,43
94,14,6
94,15,25
94,16,93
94,17,90
94,18,88
94,19,47
94,20,67
94,21,26
94,22,20
94,23,24
94,24,54
94,25,56
94,26,15
94,27,27
94,28,90
94,29,75
94,30,80
94,31,55
94,32,24
94,33,2
94,34,11
94,35,22
94,36,51
94,37,16
94,38,76
94,39,40
94,40,45
94,41,11
94,42,58
94,43,91
94,44,6
94,45,16
94,46,68
94,47,0
94,48,6
94,49,8
94,50,99
94,51,25
94,52,86
94,53,20
94,54,49
94,55,93
94,56,28
94,57,16
94,58,20
94,59,70
94,60,44
94,61,1
94,62,26
94,63,68
94,64,3
94,65,89
94,66,42
94,67,6
94,68,57
94,69,70
94,70,98
94,71,54
94,72,81
94,73,8
94,74,45
94,75,40
94,76,24
94,77,65
94,78,40
94,79,30
94,80,26
94,81,39
94,82,56
94,83,12
94,84,11
94,85,57
94,86,5
94,87,92
94,88,26
94,89,78
94,90,62
94,91,70
94,92,79
94,93,40
94,94,90
94,95,34
94,96,29
94,97,32
94,98,40
94,99,86
94,100,2
95,1,38
95,2,41
95,3,35
95,4,98
95,5,38
95,6,75
95,7,22
95,8,56
95,9,67
95,10,52
95,11,82
95,12,59
95,13,60
95,14,46
95,15,70
95,16,70
95,17,52
95,18,14
95,19,96
95,20,30
95,21,29
95,22,66
95,23,61
95,24,69
95,25,56
95,26,95
95,27,99
95,28,40
95,29,87
95,30,37
95,31,94
95,32,77
95,33,78
95,34,29
95,35,75
95,36,69
95,37,57
95,38,97
95,39,25
95,40,24
95,41,1
95,42,7
95,43,83
95,44,62
95,45,5
95,46,6
95,47,32
95,48,9
95,49,72
95,50,80
95,51,91
95,52,1
95,53,46
95,54,52
95,55,71
95,56,54
95,57,47
95,58,22
95,59,94
95,60,34
95,61,59
95,62,88
95,63,11
95,64,38
95,65,69
95,66,38
95,67,59
95,68,26
95,69,35
95,70,84
95,71,3
95,72,37
95,73,43
95,74,86
95,75,51
95,76,48
95,77,44
95,78,35
95,79,58
95,80,17
95,81,15
95,82,49
95,83,18
95,84,61
95,85,54
95,86,41
95,87,15
95,88,53
95,89,63
95,90,61
95,91,88
95,92,23
95,93,49
95,94,51
95,95,13
95,96,18
95,97,90
95,98,72
95,99,97
95,100,77
96,1,8
96,2,0
96,3,14
96,4,51
96,5,38
96,6,17
96,7,51
96,8,83
96,9,52
96,10,61
96,11,52
96,12,67
96,13,11
96,14,70
96,15,80
96,16,17
96,17,64
96,18,47
96,19,70
96,20,27
96,21,8
96,22,10
96,23,2
96,24,9
96,25,62
96,26,67
96,27,80
96,28,4
96,29,39
96,30,77
96,31,33
96,32,99
96,33,29
96,34,0
96,35,50
96,36,67
96,37,17
96,38,54
96,39,2
96,40,22
96,41,15
96,42,54
96,43,41
96,44,78
96,45,77
96,46,22
96,47,95
96,48,41
96,49,21
96,50,66
96,51,20
96,52,82
96,53,76
96,54,23
96,55,43
96,56,90
96,57,90
96,58,23
96,59,46
96,60,82
96,61,52
96,62,80
96,63,81
96,64,81
96,65,80
96,66,84
96,67,1
96,68,97
96,69,38
96,70,3
96,71,71
96,72,53
96,73,10
96,74,13
96,75,32
96,76,87
96,77,87
96,78,27
96,79,28
96,80,60
96,81,93
96,82,48
96,83,42
96,84,22
96,85,23
96,86,86
96,87,12
96,88,14
96,89,61
96,90,59
96,91,48
96,92,14
96,93,39
96,94,29
96,95,47
96,96,71
96,97,13
96,98,48
96,99,20
96,100,51
97,1,4
97,2,92
97,3,57
97,4,14
97,5,5
97,6,89
97,7,1
97,8,92
97,9,68
97,10,81
97,11,52
97,12,14
97,13,81
97,14,47
97,15,36
97,16,5
97,17,85
97,18,0
97,19,71
97,20,46
97,21,59
97,22,19
97,23,60
97,24,50
97,25,48
97,26,60
97,27,21
97,28,14
97,29,8
97,30,42
97,31,17
97,32,12
97,33,86
97,34,74
97,35,78
97,36,91
97,37,15
97,38,79
97,39,35
97,40,36
97,41,12
97,42,39
97,43,50
97,44,94
97,45,38
97,46,38
97,47,99
97,48,23
97,49,38
97,50,22
97,51,70
97,52,50
97,53,41
97,54,82
97,55,52
97,56,41
97,57,42
97,58,26
97,59,7
97,60,51
97,61,20
97,62,25
97,63,15
97,64,6
97,65,99
97,66,94
97,67,97
97,68,67
97,69,25
97,70,84
97,71,3
97,72,38
97,73,75
97,74,53
97,75,32
97,76,14
97,77,43
97,78,83
97,79,37
97,80,33
97,81,5
97,82,7
97,83,35
97,84,98
97,85,90
97,86,88
97,87,91
97,88,32
97,89,14
97,90,99
97,91,35
97,92,86
97,93,24
97,94,3
97,95,92
97,96,75
97,97,97
97,98,41
97,99,42
97,100,74
98,1,25
98,2,97
98,3,12
98,4,0
98,5,2
98,6,44
98,7,14
98,8,45
98,9,79
98,10,4
98,11,31
98,12,36
98,13,11
98,14,66
98,15,34
98,16,53
98,17,54
98,18,26
98,19,38
98,20,20
98,21,77
98,22,25
98,23,6
98,24,1
98,25,28
98,26,50
98,27,28
98,28,77
98,29,91
98,30,23
98,31,52
98,32,68
98,33,20
98,34,64
98,35,69
98,36,23
98,37,61
98,38,35
98,39,20
98,40,40
98,41,91
98,42,51
98,43,77
98,44,55
98,45,18
98,46,63
98,47,8
98,48,24
98,49,41
98,50,98
98,51,97
98,52,18
98,53,24
98,54,55
98,55,71
98,56,52
98,57,6
98,58,0
98,59,30
98,60,49
98,61,23
98,62,82
98,63,18
98,64,95
98,65,98
98,66,39
98,67,70
98,68,59
98,69,26
98,70,91
98,71,52
98,72,18
98,73,94
98,74,81
98,75,73
98,76,64
98,77,44
98,78,33
98,79,89
98,80,86
98,81,32
98,82,38
98,83,56
98,84,8
98,85,93
98,86,28
98,87,12
98,88,51
98,89,80
98,90,42
98,91,1
98,92,55
98,93,76
98,94,19
98,95,50
98,96,27
98,97,10
98,98,21
98,99,86
98,100,36
99,1,64
99,2,38
99,3,54
99,4,10
99,5,19
99,6,79
99,7,75
99,8,16
99,9,65
99,10,16
99,11,54
99,12,97
99,13,54
99,14,10
99,15,57
99,16,99
99,17,90
99,18,69
99,19,51
99,20,70
99,21,64
99,22,52
99,23,25
99,24,92
99,25,23
99,26,28
99,27,19
99,28,33
99,29,1
99,30,6
99,31,21
99,32,17
99,33,96
99,34,28
99,35,27
99,36,68
99,37,7
99,38,54
99,39,84
99,40,72
99,41,70
99,42,90
99,43,21
99,44,76
99,45,0
99,46,78
99,47,28
99,48,91
99,49,0
99,50,79
99,51,13
99,52,64
99,53,83
99,54,91
99,55,8
99,56,58
99,57,19
99,58,28
99,59,43
99,60,20
99,61,86
99,62,64
99,63,89
99,64,82
99,65,92
99,66,16
99,67,2
99,68,0
99,69,71
99,70,38
99,71,24
99,72,93
99,73,28
99,74,98
99,75,22
99,76,29
99,77,76
99,78,50
99,79,72
99,80,28
99,81,81
99,82,37
99,83,44
99,84,64
99,85,28
99,86,53
99,87,74
99,88,99
99,89,81
99,90,17
99,91,71
99,92,67
99,93,81
99,94,60
99,95,1
99,96,74
99,97,77
99,98,56
99,99,26
99,100,0
100,1,94
100,2,2
100,3,45
100,4,23
100,5,0
100,6,19
100,7,52
100,8,29
100,9,69
100,10,76
100,11,57
100,12,2
100,13,13
100,14,2
100,15,66
100,16,94
100,17,55
100,18,92
100,19,93
100,20,88
100,21,9
100,22,65
100,23,7
100,24,91
100,25,77
100,26,60
100,27,17
100,28,54
100,29,16
100,30,43
100,31,6
100,32,11
100,33,45
100,34,4
100,35,34
100,36,98
100,37,23
100,38,38
100,39,27
100,40,93
100,41,66
100,42,84
100,43,47
100,44,31
100,45,38
100,46,14
100,47,25
100,48,45
100,49,58
100,50,71
100,51,33
100,52,68
100,53,88
100,54,92
100,55,59
100,56,65
100,57,53
100,58,76
100,59,72
100,60,21
100,61,71
100,62,30
100,63,32
100,64,68
100,65,34
100,66,18
100,67,66
100,68,58
100,69,8
100,70,93
100,71,3
100,72,74
100,73,30
100,74,50
100,75,6
100,76,68
100,77,16
100,78,83
100,79,14
100,80,75
100,81,54
100,82,99
100,83,43
100,84,42
100,85,92
100,86,54
100,87,60
100,88,97
100,89,82
100,90,32
100,91,18
100,92,5
100,93,62
100,94,3
100,95,73
100,96,97
100,97,21
100,98,92
100,99,7
100,100,30
